delOutput__data2_0.xml,delSync__from_medium_slave14.xml,true,2023-05-22T00:31:28.405,2023-05-22T00:45:58.032,869627
delOutput__from_medium_slave_2.xml,delOutput__data2_0.xml,true,2023-05-22T00:31:28.405,2023-05-22T00:46:22.880,894475
delSync__from_medium_slave14.xml,parSeq__in_231.xml,true,2023-05-22T00:31:28.400,2023-05-22T00:46:24.697,896297
MaskVarChannel__empty_slave_Template0.xml,parSeq__from_medium_slave26.xml,true,2023-05-22T00:31:28.405,2023-05-22T00:46:49.150,920745
parSeq__from_medium_slave26.xml,delOutput__from_medium_slave_2.xml,true,2023-05-22T00:31:28.405,2023-05-22T00:46:52.442,924037
MaskVarChannel__from_medium_slave_Template.xml,delSync__to_medium_slave1.xml,true,2023-05-22T00:31:28.406,2023-05-22T01:01:21.822,1793416
delSync__to_medium_slave1.xml,MaskVarChannel__empty_slave_Template0.xml,true,2023-05-22T00:31:28.406,2023-05-22T01:01:24.767,1796361
commLoc_1.xml,parSeq__from_medium_slave19.xml,true,2023-05-22T00:31:28.406,2023-05-22T01:01:34.440,1806034
parSeq__from_medium_slave19.xml,MaskVarChannel__from_medium_slave_Template.xml,true,2023-05-22T00:31:28.406,2023-05-22T01:01:52.915,1824509
commLoc_3.xml,commLoc_1.xml,true,2023-05-22T00:31:28.406,2023-05-22T01:02:03.747,1835341
delSync__from_medium_slave13.xml,commLoc_3.xml,true,2023-05-22T00:31:28.406,2023-05-22T01:15:46.200,2657794
delOutput__data3_0.xml,delSync__from_medium_slave17.xml,true,2023-05-22T00:31:28.406,2023-05-22T01:16:30.285,2701879
delSync__from_medium_slave17.xml,delSync__from_medium_slave13.xml,true,2023-05-22T00:31:28.406,2023-05-22T01:16:42,2713594
urgChan__data3.xml,delOutput__data3_0.xml,true,2023-05-22T00:31:28.406,2023-05-22T01:16:47.158,2718752
delOutput__in_2_0.xml,urgChan__data3.xml,true,2023-05-22T00:31:28.406,2023-05-22T01:16:53.215,2724809
urgChan_hello.xml,delOutput__in_2_0.xml,true,2023-05-22T00:31:28.406,2023-05-22T01:30:58.419,3570013
delOutput__from_medium_slave_1.xml,urgChan_hello.xml,true,2023-05-22T00:31:28.406,2023-05-22T01:31:17.166,3588760
urgLoc_1.xml,delSync__from_medium_slave25.xml,true,2023-05-22T00:31:28.406,2023-05-22T01:31:33.651,3605245
delSync__from_medium_slave25.xml,delOutput__from_medium_slave_1.xml,true,2023-05-22T00:31:28.406,2023-05-22T01:31:42.842,3614436
MaskVarChannel__to_medium_slave_Template.xml,urgLoc_1.xml,true,2023-05-22T00:31:28.406,2023-05-22T01:31:46.647,3618241
delOutput__empty_slave_0.xml,MaskVarChannel__to_medium_slave_Template.xml,true,2023-05-22T00:31:28.406,2023-05-22T01:46:02.977,4474571
urgChan__from_medium_slave.xml,delOutput__empty_slave_0.xml,true,2023-05-22T00:31:28.406,2023-05-22T01:46:03.662,4475256
delSync__from_medium_slave2.xml,delOutput__data1_0.xml,true,2023-05-22T00:31:28.406,2023-05-22T01:46:18.235,4489829
delOutput__data1_0.xml,urgChan__from_medium_slave.xml,true,2023-05-22T00:31:28.406,2023-05-22T01:46:38.088,4509682
parSeq__from_medium_slave13.xml,delSync__from_medium_slave2.xml,true,2023-05-22T00:31:28.406,2023-05-22T01:46:48.003,4519597
parSeq__from_medium_slave24.xml,MaskVarChannel__out_2_Template0.xml,true,2023-05-22T00:31:28.406,2023-05-22T02:00:50.046,5361640
MaskVarChannel__out_2_Template0.xml,parSeq__from_medium_slave13.xml,true,2023-05-22T00:31:28.406,2023-05-22T02:00:53.817,5365411
delSync__from_medium_slave8.xml,parSeq__from_medium_slave24.xml,true,2023-05-22T00:31:28.406,2023-05-22T02:01:17.330,5388924
commLoc_7.xml,delSync__from_medium_slave19.xml,true,2023-05-22T00:31:28.406,2023-05-22T02:01:29.427,5401021
delSync__from_medium_slave19.xml,delSync__from_medium_slave8.xml,true,2023-05-22T00:31:28.406,2023-05-22T02:01:37.234,5408828
parSeq__from_medium_slave16.xml,commLoc_7.xml,true,2023-05-22T00:31:28.406,2023-05-22T02:15:35.950,6247544
delOutput__data0_0.xml,urgChan__empty_slave.xml,true,2023-05-22T00:31:28.406,2023-05-22T02:16:02.187,6273781
parSeq__from_medium_slave25.xml,urgLoc_2.xml,true,2023-05-22T00:31:28.406,2023-05-22T02:16:16.848,6288442
urgChan__empty_slave.xml,parSeq__from_medium_slave16.xml,true,2023-05-22T00:31:28.406,2023-05-22T02:16:27.479,6299073
urgLoc_2.xml,delOutput__data0_0.xml,true,2023-05-22T00:31:28.406,2023-05-22T02:16:42.289,6313883
parSeq__from_medium_slave21.xml,parSeq__from_medium_slave25.xml,true,2023-05-22T00:31:28.406,2023-05-22T02:30:51.706,7163300
urgChan__data0.xml,parSeq__from_medium_slave21.xml,true,2023-05-22T00:31:28.406,2023-05-22T02:30:56.880,7168474
delOutput__from_medium_slave_4.xml,delSync__from_medium_slave10.xml,true,2023-05-22T00:31:28.406,2023-05-22T02:31:11.197,7182791
parSeq__empty_slave0.xml,delOutput__from_medium_slave_4.xml,true,2023-05-22T00:31:28.406,2023-05-22T02:31:21.614,7193208
delSync__from_medium_slave10.xml,urgChan__data0.xml,true,2023-05-22T00:31:28.406,2023-05-22T02:31:22.485,7194079
delSync__empty_slave1.xml,parSeq__empty_slave0.xml,true,2023-05-22T00:31:28.406,2023-05-22T02:45:37.772,8049366
MaskVarChannel__data2_Template.xml,delSync__out_21.xml,true,2023-05-22T00:31:28.406,2023-05-22T02:46:02.520,8074114
urgLoc_4.xml,commLoc_8.xml,true,2023-05-22T00:31:28.407,2023-05-22T02:46:09.180,8080773
commLoc_8.xml,MaskVarChannel__data2_Template.xml,true,2023-05-22T00:31:28.407,2023-05-22T02:46:17.821,8089414
delSync__out_21.xml,delSync__empty_slave1.xml,true,2023-05-22T00:31:28.406,2023-05-22T02:46:22.114,8093708
parSeq__data01.xml,urgLoc_4.xml,true,2023-05-22T00:31:28.407,2023-05-22T03:00:33.529,8945122
delSync__data31.xml,parSeq__data01.xml,true,2023-05-22T00:31:28.407,2023-05-22T03:01:00.368,8971961
commLoc_6.xml,parSeq__from_medium_slave30.xml,true,2023-05-22T00:31:28.407,2023-05-22T03:01:12.398,8983991
parSeq__from_medium_slave12.xml,commLoc_6.xml,true,2023-05-22T00:31:28.407,2023-05-22T03:01:21.381,8992974
parSeq__from_medium_slave30.xml,delSync__data31.xml,true,2023-05-22T00:31:28.407,2023-05-22T03:01:21.531,8993124
delSync__from_medium_slave9.xml,MaskVarChannel__out_2_Template.xml,true,2023-05-22T00:31:28.407,2023-05-22T03:15:35.162,9846755
MaskVarChannel__out_2_Template.xml,parSeq__from_medium_slave12.xml,true,2023-05-22T00:31:28.407,2023-05-22T03:15:42.227,9853820
parSeq__from_medium_slave15.xml,delSync__from_medium_slave9.xml,true,2023-05-22T00:31:28.407,2023-05-22T03:16:19.015,9890608
parSeq__from_medium_slave17.xml,delSync__from_medium_slave20.xml,true,2023-05-22T00:31:28.407,2023-05-22T03:16:38.271,9909864
delSync__from_medium_slave20.xml,parSeq__from_medium_slave15.xml,true,2023-05-22T00:31:28.407,2023-05-22T03:17:01.936,9933529
parSeq__data34.xml,parSeq__from_medium_slave17.xml,true,2023-05-22T00:31:28.407,2023-05-22T03:30:08.646,10720239
delSync__data21.xml,parSeq__data34.xml,true,2023-05-22T00:31:28.407,2023-05-22T03:31:01.842,10773435
commLoc_0.xml,delSync__data21.xml,true,2023-05-22T00:31:28.407,2023-05-22T03:31:08.708,10780301
urgLoc_7.xml,commLoc_0.xml,true,2023-05-22T00:31:28.407,2023-05-22T03:31:14.411,10786004
parSeq__from_medium_slave27.xml,urgLoc_7.xml,true,2023-05-22T00:31:28.407,2023-05-22T03:32:03.339,10834932
urgLoc_0.xml,parSeq__from_medium_slave27.xml,true,2023-05-22T00:31:28.407,2023-05-22T03:44:39.427,11591020
parSeq__from_medium_slave14.xml,MaskVarClock_clock_c3_Template.xml,true,2023-05-22T00:31:28.407,2023-05-22T03:46:07.494,11679087
delSync__from_medium_slave24.xml,urgLoc_0.xml,true,2023-05-22T00:31:28.407,2023-05-22T03:46:18.025,11689618
MaskVarClock_clock_c3_Template.xml,delSync__from_medium_slave24.xml,true,2023-05-22T00:31:28.407,2023-05-22T03:46:29.219,11700812
parSeq__data23.xml,parSeq__from_medium_slave14.xml,true,2023-05-22T00:31:28.407,2023-05-22T03:47:26.382,11757975
parSeq__from_medium_slave20.xml,parSeq__data23.xml,true,2023-05-22T00:31:28.407,2023-05-22T03:59:43.261,12494854
parSeq__to_medium_slave5.xml,parSeq__from_medium_slave20.xml,true,2023-05-22T00:31:28.407,2023-05-22T04:01:00.381,12571974
parSeq__from_medium_slave7.xml,urgChan__data2.xml,true,2023-05-22T00:31:28.407,2023-05-22T04:01:29.281,12600874
urgChan__data2.xml,parSeq__to_medium_slave5.xml,true,2023-05-22T00:31:28.407,2023-05-22T04:01:40.585,12612178
commLoc_4.xml,parSeq__from_medium_slave7.xml,true,2023-05-22T00:31:28.407,2023-05-22T04:03:20.703,12712296
delSync__from_medium_slave7.xml,commLoc_4.xml,true,2023-05-22T00:31:28.407,2023-05-22T04:14:35.779,13387372
MaskVarChannel__data1_Template0.xml,delSync__from_medium_slave7.xml,true,2023-05-22T00:31:28.407,2023-05-22T04:16:05.937,13477530
parSeq__from_medium_slave8.xml,MaskVarChannel__data1_Template0.xml,true,2023-05-22T00:31:28.407,2023-05-22T04:16:13.702,13485295
delSync__from_medium_slave16.xml,parSeq__from_medium_slave8.xml,true,2023-05-22T00:31:28.407,2023-05-22T04:16:52.811,13524404
commLoc_9.xml,delSync__from_medium_slave16.xml,true,2023-05-22T00:31:28.407,2023-05-22T04:17:59.945,13591538
urgLoc_6.xml,commLoc_9.xml,true,2023-05-22T00:31:28.407,2023-05-22T04:29:06.029,14257622
delSync__data11.xml,urgLoc_6.xml,true,2023-05-22T00:31:28.407,2023-05-22T04:30:52.161,14363754
delSync__from_medium_slave23.xml,delSync__data11.xml,true,2023-05-22T00:31:28.407,2023-05-22T04:31:11.390,14382983
delOutput__out_2_0.xml,delSync__from_medium_slave23.xml,true,2023-05-22T00:31:28.407,2023-05-22T04:31:33.845,14405438
commLoc_2.xml,delOutput__out_2_0.xml,true,2023-05-22T00:31:28.407,2023-05-22T04:34:00.054,14551647
parSeq__from_medium_slave29.xml,commLoc_2.xml,true,2023-05-22T00:31:28.407,2023-05-22T04:43:50.543,15142136
delSync__from_medium_slave5.xml,parSeq__from_medium_slave29.xml,true,2023-05-22T00:31:28.407,2023-05-22T04:45:52.057,15263650
urgLoc_3.xml,delSync__from_medium_slave5.xml,true,2023-05-22T00:31:28.407,2023-05-22T04:46:12.929,15284522
MaskVarClock_clock_c3_Template0.xml,urgLoc_3.xml,true,2023-05-22T00:31:28.407,2023-05-22T04:46:52.753,15324346
delSync__in_21.xml,MaskVarClock_clock_c3_Template0.xml,true,2023-05-22T00:31:28.407,2023-05-22T04:48:49.380,15440973
urgLoc_8.xml,delSync__in_21.xml,true,2023-05-22T00:31:28.407,2023-05-22T04:58:58.308,16049901
delSync__from_medium_slave6.xml,urgLoc_9.xml,true,2023-05-22T00:31:28.407,2023-05-22T05:00:44.164,16155757
urgLoc_9.xml,urgLoc_8.xml,true,2023-05-22T00:31:28.407,2023-05-22T05:01:21.868,16193461
urgChan__out_2.xml,delSync__from_medium_slave6.xml,true,2023-05-22T00:31:28.407,2023-05-22T05:01:49.557,16221150
parSeq__from_medium_slave28.xml,urgChan__out_2.xml,true,2023-05-22T00:31:28.407,2023-05-22T05:03:36.599,16328192
MaskVarChannel__data1_Template.xml,parSeq__from_medium_slave28.xml,true,2023-05-22T00:31:28.407,2023-05-22T05:13:44.825,16936418
MaskVarChannel__data3_Template.xml,MaskVarChannel__data1_Template.xml,true,2023-05-22T00:31:28.407,2023-05-22T05:16:04.522,17076115
MaskVarChannel__data0_Template0.xml,MaskVarChannel__data3_Template.xml,true,2023-05-22T00:31:28.407,2023-05-22T05:16:13.117,17084710
urgChan__data1.xml,MaskVarChannel__data0_Template0.xml,true,2023-05-22T00:31:28.407,2023-05-22T05:16:54.894,17126487
parSeq__from_medium_slave10.xml,urgChan__data1.xml,true,2023-05-22T00:31:28.407,2023-05-22T05:18:30.722,17222315
MaskVarChannel__data3_Template0.xml,parSeq__from_medium_slave10.xml,true,2023-05-22T00:31:28.407,2023-05-22T05:28:29.850,17821443
delSync__from_medium_slave21.xml,MaskVarChannel__data3_Template0.xml,true,2023-05-22T00:31:28.407,2023-05-22T05:31:14.667,17986260
delOutput__from_medium_slave_0.xml,delSync__from_medium_slave21.xml,true,2023-05-22T00:31:28.407,2023-05-22T05:31:30.238,18001831
delSync__from_medium_slave1.xml,delOutput__from_medium_slave_0.xml,true,2023-05-22T00:31:28.407,2023-05-22T05:32:11.964,18043557
MaskVarChannel__data2_Template0.xml,delSync__from_medium_slave1.xml,true,2023-05-22T00:31:28.407,2023-05-22T05:32:56.387,18087980
urgChan__in_2.xml,MaskVarChannel__data2_Template0.xml,true,2023-05-22T00:31:28.407,2023-05-22T05:43:34.469,18726062
MaskVarChannel__to_medium_slave_Template0.xml,parSeq__from_medium_slave22.xml,true,2023-05-22T00:31:28.408,2023-05-22T05:45:59.235,18870827
parSeq__from_medium_slave22.xml,urgChan__in_2.xml,true,2023-05-22T00:31:28.408,2023-05-22T05:46:20.132,18891724
delSync__from_medium_slave4.xml,MaskVarChannel__to_medium_slave_Template0.xml,true,2023-05-22T00:31:28.408,2023-05-22T05:47:17.321,18948913
MaskVarChannel__in_2_Template0.xml,delSync__from_medium_slave4.xml,true,2023-05-22T00:31:28.408,2023-05-22T05:47:46.841,18978433
delSync__from_medium_slave18.xml,MaskVarChannel__in_2_Template0.xml,true,2023-05-22T00:31:28.408,2023-05-22T05:58:39.661,19631253
MaskVarChannel__in_2_Template.xml,delSync__from_medium_slave18.xml,true,2023-05-22T00:31:28.408,2023-05-22T06:01:04.110,19775702
commLoc_10.xml,MaskVarChannel__in_2_Template.xml,true,2023-05-22T00:31:28.408,2023-05-22T06:01:09.971,19781563
urgLoc_10.xml,commLoc_10.xml,true,2023-05-22T00:31:28.408,2023-05-22T06:01:35.712,19807304
parSeq__out_232.xml,urgLoc_10.xml,true,2023-05-22T00:31:28.408,2023-05-22T06:02:46.598,19878190
delSync__data01.xml,parSeq__out_232.xml,true,2023-05-22T00:31:28.408,2023-05-22T06:13:38.647,20530239
delSync__from_medium_slave11.xml,delOutput__from_medium_slave_3.xml,true,2023-05-22T00:31:28.408,2023-05-22T06:15:49.052,20660644
delOutput__from_medium_slave_3.xml,delSync__data01.xml,true,2023-05-22T00:31:28.408,2023-05-22T06:15:52.650,20664242
parSeq__from_medium_slave18.xml,delSync__from_medium_slave11.xml,true,2023-05-22T00:31:28.408,2023-05-22T06:16:45.754,20717346
commLoc_5.xml,parSeq__from_medium_slave18.xml,true,2023-05-22T00:31:28.408,2023-05-22T06:17:29.082,20760674
parSeq__from_medium_slave6.xml,commLoc_5.xml,true,2023-05-22T00:31:28.408,2023-05-22T06:28:24.019,21415611
delSync__from_medium_slave3.xml,parSeq__from_medium_slave6.xml,true,2023-05-22T00:31:28.408,2023-05-22T06:30:30.878,21542470
parSeq__from_medium_slave11.xml,delSync__from_medium_slave3.xml,true,2023-05-22T00:31:28.408,2023-05-22T06:30:32.718,21544310
MaskVarChannel__from_medium_slave_Template0.xml,parSeq__from_medium_slave11.xml,true,2023-05-22T00:31:28.408,2023-05-22T06:32:08.969,21640561
urgChan__to_medium_slave.xml,MaskVarChannel__from_medium_slave_Template0.xml,true,2023-05-22T00:31:28.408,2023-05-22T06:32:19.791,21651383
urgChan_tau.xml,urgChan__to_medium_slave.xml,true,2023-05-22T00:31:28.408,2023-05-22T06:43:29.204,22320796
delSync__from_medium_slave12.xml,urgChan_tau.xml,true,2023-05-22T00:31:28.408,2023-05-22T06:44:59.114,22410706
MaskVarChannel__data0_Template.xml,delSync__from_medium_slave12.xml,true,2023-05-22T00:31:28.408,2023-05-22T06:45:58.824,22470416
urgLoc_5.xml,parSeq__data12.xml,true,2023-05-22T00:31:28.408,2023-05-22T06:47:07.872,22539464
parSeq__data12.xml,MaskVarChannel__data0_Template.xml,true,2023-05-22T00:31:28.408,2023-05-22T06:47:31.241,22562833
MaskVarChannel__empty_slave_Template.xml,urgLoc_5.xml,true,2023-05-22T00:31:28.408,2023-05-22T06:58:04.794,23196386
urgLoc_11.xml,MaskVarChannel__empty_slave_Template.xml,true,2023-05-22T00:31:28.408,2023-05-22T06:59:38.490,23290082
delSync__from_medium_slave15.xml,urgLoc_11.xml,true,2023-05-22T00:31:28.408,2023-05-22T07:00:46.341,23357933
delOutput__to_medium_slave_0.xml,delSync__from_medium_slave15.xml,true,2023-05-22T00:31:28.408,2023-05-22T07:02:01.072,23432664
parSeq__from_medium_slave23.xml,delOutput__to_medium_slave_0.xml,true,2023-05-22T00:31:28.408,2023-05-22T07:02:19.889,23451481
delSync__from_medium_slave22.xml,parSeq__from_medium_slave23.xml,true,2023-05-22T00:31:28.408,2023-05-22T07:09:33.744,23885336
commLoc_11.xml,delSync__from_medium_slave22.xml,true,2023-05-22T00:31:28.408,2023-05-22T07:10:01.928,23913520
parSeq__from_medium_slave9.xml,commLoc_11.xml,true,2023-05-22T00:31:28.408,2023-05-22T07:10:39.089,23950681
