parSeq__from_medium_slave26.xml,Collision-avoidance.xml,true,2023-05-21T17:06:59.257,2023-05-21T17:22:47.081,947824
parSeq__in_231.xml,Collision-avoidance.xml,true,2023-05-21T17:06:59.251,2023-05-21T17:23:06.978,967727
delSync__from_medium_slave14.xml,Collision-avoidance.xml,true,2023-05-21T17:06:59.257,2023-05-21T17:23:10.237,970980
delOutput__data2_0.xml,Collision-avoidance.xml,true,2023-05-21T17:06:59.257,2023-05-21T17:23:11.825,972568
delOutput__from_medium_slave_2.xml,Collision-avoidance.xml,true,2023-05-21T17:06:59.257,2023-05-21T17:23:20.730,981473
delSync__to_medium_slave1.xml,Collision-avoidance.xml,true,2023-05-21T17:06:59.257,2023-05-21T17:37:39.011,1839754
MaskVarChannel__empty_slave_Template0.xml,Collision-avoidance.xml,true,2023-05-21T17:06:59.257,2023-05-21T17:37:40.358,1841101
parSeq__from_medium_slave19.xml,Collision-avoidance.xml,true,2023-05-21T17:06:59.257,2023-05-21T17:38:04.287,1865030
commLoc_1.xml,Collision-avoidance.xml,true,2023-05-21T17:06:59.257,2023-05-21T17:38:33.618,1894361
MaskVarChannel__from_medium_slave_Template.xml,Collision-avoidance.xml,true,2023-05-21T17:06:59.257,2023-05-21T17:39:09.422,1930165
commLoc_3.xml,Collision-avoidance.xml,true,2023-05-21T17:06:59.257,2023-05-21T17:52:38.492,2739235
delSync__from_medium_slave13.xml,Collision-avoidance.xml,true,2023-05-21T17:06:59.257,2023-05-21T17:52:52.233,2752976
delSync__from_medium_slave17.xml,Collision-avoidance.xml,true,2023-05-21T17:06:59.257,2023-05-21T17:53:09.870,2770613
urgChan__data3.xml,Collision-avoidance.xml,true,2023-05-21T17:06:59.257,2023-05-21T17:53:28.872,2789615
delOutput__data3_0.xml,Collision-avoidance.xml,true,2023-05-21T17:06:59.257,2023-05-21T17:53:47.168,2807911
urgChan_hello.xml,Collision-avoidance.xml,true,2023-05-21T17:06:59.257,2023-05-21T18:07:31.713,3632456
delOutput__in_2_0.xml,Collision-avoidance.xml,true,2023-05-21T17:06:59.257,2023-05-21T18:07:43.179,3643922
delOutput__from_medium_slave_1.xml,Collision-avoidance.xml,true,2023-05-21T17:06:59.257,2023-05-21T18:08:08.792,3669535
delSync__from_medium_slave25.xml,Collision-avoidance.xml,true,2023-05-21T17:06:59.257,2023-05-21T18:08:12.314,3673057
urgLoc_1.xml,Collision-avoidance.xml,true,2023-05-21T17:06:59.257,2023-05-21T18:08:48.985,3709728
MaskVarChannel__to_medium_slave_Template.xml,Collision-avoidance.xml,true,2023-05-21T17:06:59.257,2023-05-21T18:22:10.649,4511392
urgChan__from_medium_slave.xml,Collision-avoidance.xml,true,2023-05-21T17:06:59.258,2023-05-21T18:22:59.743,4560485
delOutput__empty_slave_0.xml,Collision-avoidance.xml,true,2023-05-21T17:06:59.258,2023-05-21T18:23:06.748,4567490
delOutput__data1_0.xml,Collision-avoidance.xml,true,2023-05-21T17:06:59.258,2023-05-21T18:23:27.062,4587804
delSync__from_medium_slave2.xml,Collision-avoidance.xml,true,2023-05-21T17:06:59.258,2023-05-21T18:23:59.995,4620737
parSeq__from_medium_slave13.xml,Collision-avoidance.xml,true,2023-05-21T17:06:59.258,2023-05-21T18:37:12.202,5412944
MaskVarChannel__out_2_Template0.xml,Collision-avoidance.xml,true,2023-05-21T17:06:59.258,2023-05-21T18:37:55.346,5456088
parSeq__from_medium_slave24.xml,Collision-avoidance.xml,true,2023-05-21T17:06:59.258,2023-05-21T18:38:04.093,5464835
delSync__from_medium_slave19.xml,Collision-avoidance.xml,true,2023-05-21T17:06:59.258,2023-05-21T18:38:15.496,5476238
delSync__from_medium_slave8.xml,Collision-avoidance.xml,true,2023-05-21T17:06:59.258,2023-05-21T18:39:21.719,5542461
commLoc_7.xml,Collision-avoidance.xml,true,2023-05-21T17:06:59.258,2023-05-21T18:53:08.646,6369388
urgChan__empty_slave.xml,Collision-avoidance.xml,true,2023-05-21T17:06:59.258,2023-05-21T18:53:47.624,6408366
delOutput__data0_0.xml,Collision-avoidance.xml,true,2023-05-21T17:06:59.258,2023-05-21T18:54:03.958,6424700
parSeq__from_medium_slave16.xml,Collision-avoidance.xml,true,2023-05-21T17:06:59.258,2023-05-21T18:55:02.449,6483191
urgLoc_2.xml,Collision-avoidance.xml,true,2023-05-21T17:06:59.258,2023-05-21T18:55:57.668,6538410
parSeq__from_medium_slave25.xml,Collision-avoidance.xml,true,2023-05-21T17:06:59.258,2023-05-21T19:10:30.544,7411286
parSeq__from_medium_slave21.xml,Collision-avoidance.xml,true,2023-05-21T17:06:59.258,2023-05-21T19:11:06.825,7447567
urgChan__data0.xml,Collision-avoidance.xml,true,2023-05-21T17:06:59.258,2023-05-21T19:11:46.158,7486900
delSync__from_medium_slave10.xml,Collision-avoidance.xml,true,2023-05-21T17:06:59.258,2023-05-21T19:11:57.679,7498421
delOutput__from_medium_slave_4.xml,Collision-avoidance.xml,true,2023-05-21T17:06:59.258,2023-05-21T19:13:22.429,7583171
parSeq__empty_slave0.xml,Collision-avoidance.xml,true,2023-05-21T17:06:59.258,2023-05-21T19:27:48.828,8449570
delSync__out_21.xml,Collision-avoidance.xml,true,2023-05-21T17:06:59.258,2023-05-21T19:29:13,8533742
delSync__empty_slave1.xml,Collision-avoidance.xml,true,2023-05-21T17:06:59.258,2023-05-21T19:29:17.869,8538611
MaskVarChannel__data2_Template.xml,Collision-avoidance.xml,true,2023-05-21T17:06:59.258,2023-05-21T19:30:02.052,8582794
commLoc_8.xml,Collision-avoidance.xml,true,2023-05-21T17:06:59.258,2023-05-21T19:30:35.363,8616105
urgLoc_4.xml,Collision-avoidance.xml,true,2023-05-21T17:06:59.258,2023-05-21T19:45:40.116,9520858
delSync__data31.xml,Collision-avoidance.xml,true,2023-05-21T17:06:59.258,2023-05-21T19:46:15.592,9556334
parSeq__data01.xml,Collision-avoidance.xml,true,2023-05-21T17:06:59.258,2023-05-21T19:46:48.957,9589699
parSeq__from_medium_slave30.xml,Collision-avoidance.xml,true,2023-05-21T17:06:59.258,2023-05-21T19:47:22.587,9623329
commLoc_6.xml,Collision-avoidance.xml,true,2023-05-21T17:06:59.258,2023-05-21T19:47:57.643,9658385
parSeq__from_medium_slave12.xml,Collision-avoidance.xml,true,2023-05-21T17:06:59.258,2023-05-21T20:03:22.229,10582971
delSync__from_medium_slave9.xml,Collision-avoidance.xml,true,2023-05-21T17:06:59.258,2023-05-21T20:03:49.739,10610481
MaskVarChannel__out_2_Template.xml,Collision-avoidance.xml,true,2023-05-21T17:06:59.258,2023-05-21T20:03:58.118,10618860
parSeq__from_medium_slave15.xml,Collision-avoidance.xml,true,2023-05-21T17:06:59.258,2023-05-21T20:05:26.396,10707138
delSync__from_medium_slave20.xml,Collision-avoidance.xml,true,2023-05-21T17:06:59.258,2023-05-21T20:05:30.210,10710952
parSeq__from_medium_slave17.xml,Collision-avoidance.xml,true,2023-05-21T17:06:59.258,2023-05-21T20:20:39.216,11619958
delSync__data21.xml,Collision-avoidance.xml,true,2023-05-21T17:06:59.259,2023-05-21T20:21:06.835,11647576
parSeq__data34.xml,Collision-avoidance.xml,true,2023-05-21T17:06:59.259,2023-05-21T20:21:23.224,11663965
commLoc_0.xml,Collision-avoidance.xml,true,2023-05-21T17:06:59.259,2023-05-21T20:22:46.407,11747148
urgLoc_7.xml,Collision-avoidance.xml,true,2023-05-21T17:06:59.259,2023-05-21T20:22:58.111,11758852
parSeq__from_medium_slave27.xml,Collision-avoidance.xml,true,2023-05-21T17:06:59.259,2023-05-21T20:38:18.117,12678858
urgLoc_0.xml,Collision-avoidance.xml,true,2023-05-21T17:06:59.259,2023-05-21T20:38:25.899,12686640
delSync__from_medium_slave24.xml,Collision-avoidance.xml,true,2023-05-21T17:06:59.259,2023-05-21T20:39:05.591,12726332
MaskVarClock_clock_c3_Template.xml,Collision-avoidance.xml,true,2023-05-21T17:06:59.259,2023-05-21T20:39:40.386,12761127
parSeq__from_medium_slave14.xml,Collision-avoidance.xml,true,2023-05-21T17:06:59.260,2023-05-21T20:40:53.495,12834235
parSeq__data23.xml,Collision-avoidance.xml,true,2023-05-21T17:06:59.260,2023-05-21T20:55:53.277,13734017
parSeq__from_medium_slave20.xml,Collision-avoidance.xml,true,2023-05-21T17:06:59.260,2023-05-21T20:56:05.294,13746034
parSeq__to_medium_slave5.xml,Collision-avoidance.xml,true,2023-05-21T17:06:59.260,2023-05-21T20:56:22.484,13763224
urgChan__data2.xml,Collision-avoidance.xml,true,2023-05-21T17:06:59.260,2023-05-21T20:56:38.861,13779601
parSeq__from_medium_slave7.xml,Collision-avoidance.xml,true,2023-05-21T17:06:59.260,2023-05-21T20:58:38.668,13899408
MaskVarChannel__data1_Template0.xml,Collision-avoidance.xml,true,2023-05-21T17:06:59.260,2023-05-21T21:13:19.816,14780556
commLoc_4.xml,Collision-avoidance.xml,true,2023-05-21T17:06:59.260,2023-05-21T21:13:21.684,14782424
delSync__from_medium_slave7.xml,Collision-avoidance.xml,true,2023-05-21T17:06:59.260,2023-05-21T21:13:38.434,14799174
parSeq__from_medium_slave8.xml,Collision-avoidance.xml,true,2023-05-21T17:06:59.260,2023-05-21T21:14:20.032,14840772
delSync__from_medium_slave16.xml,Collision-avoidance.xml,true,2023-05-21T17:06:59.260,2023-05-21T21:16:09.699,14950439
commLoc_9.xml,Collision-avoidance.xml,true,2023-05-21T17:06:59.260,2023-05-21T21:30:48.341,15829081
urgLoc_6.xml,Collision-avoidance.xml,true,2023-05-21T17:06:59.260,2023-05-21T21:31:01.462,15842202
delSync__data11.xml,Collision-avoidance.xml,true,2023-05-21T17:06:59.260,2023-05-21T21:31:12.907,15853647
delSync__from_medium_slave23.xml,Collision-avoidance.xml,true,2023-05-21T17:06:59.260,2023-05-21T21:32:15.749,15916489
delOutput__out_2_0.xml,Collision-avoidance.xml,true,2023-05-21T17:06:59.260,2023-05-21T21:33:01.301,15962041
commLoc_2.xml,Collision-avoidance.xml,true,2023-05-21T17:06:59.260,2023-05-21T21:47:58.924,16859664
parSeq__from_medium_slave29.xml,Collision-avoidance.xml,true,2023-05-21T17:06:59.260,2023-05-21T21:48:29.833,16890573
delSync__from_medium_slave5.xml,Collision-avoidance.xml,true,2023-05-21T17:06:59.260,2023-05-21T21:48:38.008,16898748
urgLoc_3.xml,Collision-avoidance.xml,true,2023-05-21T17:06:59.260,2023-05-21T21:49:39.803,16960543
MaskVarClock_clock_c3_Template0.xml,Collision-avoidance.xml,true,2023-05-21T17:06:59.260,2023-05-21T21:50:26.982,17007722
delSync__in_21.xml,Collision-avoidance.xml,true,2023-05-21T17:06:59.260,2023-05-21T22:02:53.795,17754535
urgLoc_9.xml,Collision-avoidance.xml,true,2023-05-21T17:06:59.260,2023-05-21T22:03:48.020,17808760
urgLoc_8.xml,Collision-avoidance.xml,true,2023-05-21T17:06:59.260,2023-05-21T22:04:08.782,17829522
delSync__from_medium_slave6.xml,Collision-avoidance.xml,true,2023-05-21T17:06:59.260,2023-05-21T22:04:49.246,17869986
Collision-avoidance.xml,Collision-avoidance.xml,true,2023-05-21T17:06:59.260,2023-05-21T22:05:08.728,17889468
urgChan__out_2.xml,Collision-avoidance.xml,true,2023-05-21T17:06:59.260,2023-05-21T22:18:04.842,18665582
parSeq__from_medium_slave28.xml,Collision-avoidance.xml,true,2023-05-21T17:06:59.260,2023-05-21T22:18:26.135,18686875
MaskVarChannel__data1_Template.xml,Collision-avoidance.xml,true,2023-05-21T17:06:59.260,2023-05-21T22:18:35.804,18696544
MaskVarChannel__data0_Template0.xml,Collision-avoidance.xml,true,2023-05-21T17:06:59.260,2023-05-21T22:19:36.243,18756983
MaskVarChannel__data3_Template.xml,Collision-avoidance.xml,true,2023-05-21T17:06:59.260,2023-05-21T22:20:16.793,18797533
urgChan__data1.xml,Collision-avoidance.xml,true,2023-05-21T17:06:59.260,2023-05-21T22:32:39.114,19539854
MaskVarChannel__data3_Template0.xml,Collision-avoidance.xml,true,2023-05-21T17:06:59.260,2023-05-21T22:32:56.225,19556965
parSeq__from_medium_slave10.xml,Collision-avoidance.xml,true,2023-05-21T17:06:59.260,2023-05-21T22:33:41.446,19602186
delSync__from_medium_slave21.xml,Collision-avoidance.xml,true,2023-05-21T17:06:59.260,2023-05-21T22:34:25.601,19646341
delOutput__from_medium_slave_0.xml,Collision-avoidance.xml,true,2023-05-21T17:06:59.260,2023-05-21T22:35:24.924,19705664
delSync__from_medium_slave1.xml,Collision-avoidance.xml,true,2023-05-21T17:06:59.260,2023-05-21T22:47:45.284,20446024
MaskVarChannel__data2_Template0.xml,Collision-avoidance.xml,true,2023-05-21T17:06:59.260,2023-05-21T22:48:07.462,20468202
urgChan__in_2.xml,Collision-avoidance.xml,true,2023-05-21T17:06:59.260,2023-05-21T22:48:37.645,20498385
parSeq__from_medium_slave22.xml,Collision-avoidance.xml,true,2023-05-21T17:06:59.260,2023-05-21T22:49:35.049,20555789
MaskVarChannel__to_medium_slave_Template0.xml,Collision-avoidance.xml,true,2023-05-21T17:06:59.260,2023-05-21T22:50:01.694,20582434
delSync__from_medium_slave4.xml,Collision-avoidance.xml,true,2023-05-21T17:06:59.260,2023-05-21T23:02:32.938,21333678
MaskVarChannel__in_2_Template0.xml,Collision-avoidance.xml,true,2023-05-21T17:06:59.260,2023-05-21T23:03:07.731,21368471
commLoc_10.xml,Collision-avoidance.xml,true,2023-05-21T17:06:59.260,2023-05-21T23:04:07.646,21428386
delSync__from_medium_slave18.xml,Collision-avoidance.xml,true,2023-05-21T17:06:59.260,2023-05-21T23:04:14.046,21434786
MaskVarChannel__in_2_Template.xml,Collision-avoidance.xml,true,2023-05-21T17:06:59.260,2023-05-21T23:04:20.554,21441294
urgLoc_10.xml,Collision-avoidance.xml,true,2023-05-21T17:06:59.260,2023-05-21T23:16:51.959,22192699
parSeq__out_232.xml,Collision-avoidance.xml,true,2023-05-21T17:06:59.260,2023-05-21T23:18:00.743,22261483
delSync__data01.xml,Collision-avoidance.xml,true,2023-05-21T17:06:59.260,2023-05-21T23:18:44.007,22304747
delOutput__from_medium_slave_3.xml,Collision-avoidance.xml,true,2023-05-21T17:06:59.260,2023-05-21T23:19:09.360,22330100
delSync__from_medium_slave11.xml,Collision-avoidance.xml,true,2023-05-21T17:06:59.260,2023-05-21T23:19:52.056,22372796
parSeq__from_medium_slave18.xml,Collision-avoidance.xml,true,2023-05-21T17:06:59.260,2023-05-21T23:31:56.890,23097630
commLoc_5.xml,Collision-avoidance.xml,true,2023-05-21T17:06:59.260,2023-05-21T23:32:52.888,23153628
delSync__from_medium_slave3.xml,Collision-avoidance.xml,true,2023-05-21T17:06:59.260,2023-05-21T23:33:33.490,23194230
parSeq__from_medium_slave6.xml,Collision-avoidance.xml,true,2023-05-21T17:06:59.260,2023-05-21T23:34:11.347,23232087
parSeq__from_medium_slave11.xml,Collision-avoidance.xml,true,2023-05-21T17:06:59.260,2023-05-21T23:34:48.915,23269655
MaskVarChannel__from_medium_slave_Template0.xml,Collision-avoidance.xml,true,2023-05-21T17:06:59.260,2023-05-21T23:46:40.218,23980958
urgChan__to_medium_slave.xml,Collision-avoidance.xml,true,2023-05-21T17:06:59.260,2023-05-21T23:48:09.251,24069991
urgChan_tau.xml,Collision-avoidance.xml,true,2023-05-21T17:06:59.260,2023-05-21T23:48:42.721,24103461
delSync__from_medium_slave12.xml,Collision-avoidance.xml,true,2023-05-21T17:06:59.260,2023-05-21T23:49:11.084,24131824
MaskVarChannel__data0_Template.xml,Collision-avoidance.xml,true,2023-05-21T17:06:59.260,2023-05-21T23:49:52.146,24172886
parSeq__data12.xml,Collision-avoidance.xml,true,2023-05-21T17:06:59.260,2023-05-22T00:01:32.050,24872790
urgLoc_5.xml,Collision-avoidance.xml,true,2023-05-21T17:06:59.260,2023-05-22T00:03:39.772,25000512
MaskVarChannel__empty_slave_Template.xml,Collision-avoidance.xml,true,2023-05-21T17:06:59.260,2023-05-22T00:03:50.955,25011695
urgLoc_11.xml,Collision-avoidance.xml,true,2023-05-21T17:06:59.260,2023-05-22T00:03:58.246,25018986
delSync__from_medium_slave15.xml,Collision-avoidance.xml,true,2023-05-21T17:06:59.260,2023-05-22T00:04:06.678,25027418
delOutput__to_medium_slave_0.xml,Collision-avoidance.xml,true,2023-05-21T17:06:59.260,2023-05-22T00:16:28.262,25769002
parSeq__from_medium_slave23.xml,Collision-avoidance.xml,true,2023-05-21T17:06:59.260,2023-05-22T00:18:07.654,25868394
delSync__from_medium_slave22.xml,Collision-avoidance.xml,true,2023-05-21T17:06:59.260,2023-05-22T00:18:17.576,25878316
parSeq__from_medium_slave9.xml,Collision-avoidance.xml,true,2023-05-21T17:06:59.260,2023-05-22T00:18:19.419,25880159
commLoc_11.xml,Collision-avoidance.xml,true,2023-05-21T17:06:59.260,2023-05-22T00:18:24.784,25885524
