delOutput__data2_0.xml,Collision-avoidance.xml,true,2023-05-20T12:28:09.987,2023-05-20T12:40:00.579,710592
delOutput__from_medium_slave_2.xml,Collision-avoidance.xml,true,2023-05-20T12:28:09.987,2023-05-20T12:40:05.700,715713
delSync__from_medium_slave14.xml,Collision-avoidance.xml,true,2023-05-20T12:28:09.985,2023-05-20T12:40:10.425,720440
parSeq__in_231.xml,Collision-avoidance.xml,true,2023-05-20T12:28:09.980,2023-05-20T12:40:12.362,722382
MaskVarChannel__empty_slave_Template0.xml,Collision-avoidance.xml,true,2023-05-20T12:28:09.987,2023-05-20T12:51:44.680,1414693
parSeq__from_medium_slave26.xml,Collision-avoidance.xml,true,2023-05-20T12:28:09.987,2023-05-20T12:51:59.833,1429846
delSync__to_medium_slave1.xml,Collision-avoidance.xml,true,2023-05-20T12:28:09.987,2023-05-20T12:52:05.371,1435384
MaskVarChannel__from_medium_slave_Template.xml,Collision-avoidance.xml,true,2023-05-20T12:28:09.987,2023-05-20T12:52:40.357,1470370
parSeq__from_medium_slave19.xml,Collision-avoidance.xml,true,2023-05-20T12:28:09.987,2023-05-20T13:03:45.555,2135568
commLoc_1.xml,Collision-avoidance.xml,true,2023-05-20T12:28:09.987,2023-05-20T13:03:50.801,2140814
commLoc_3.xml,Collision-avoidance.xml,true,2023-05-20T12:28:09.987,2023-05-20T13:04:11.380,2161393
delSync__from_medium_slave13.xml,Collision-avoidance.xml,true,2023-05-20T12:28:09.987,2023-05-20T13:04:27.357,2177370
delOutput__data3_0.xml,Collision-avoidance.xml,true,2023-05-20T12:28:09.987,2023-05-20T13:15:42.392,2852405
delSync__from_medium_slave17.xml,Collision-avoidance.xml,true,2023-05-20T12:28:09.987,2023-05-20T13:15:50.441,2860454
urgChan__data3.xml,Collision-avoidance.xml,true,2023-05-20T12:28:09.987,2023-05-20T13:15:58.919,2868932
delOutput__in_2_0.xml,Collision-avoidance.xml,true,2023-05-20T12:28:09.987,2023-05-20T13:16:29.204,2899217
delOutput__from_medium_slave_1.xml,Collision-avoidance.xml,true,2023-05-20T12:28:09.987,2023-05-20T13:27:27.693,3557706
urgChan_hello.xml,Collision-avoidance.xml,true,2023-05-20T12:28:09.987,2023-05-20T13:27:43.445,3573458
delSync__from_medium_slave25.xml,Collision-avoidance.xml,true,2023-05-20T12:28:09.987,2023-05-20T13:27:55.994,3586007
urgLoc_1.xml,Collision-avoidance.xml,true,2023-05-20T12:28:09.987,2023-05-20T13:28:45.128,3635141
MaskVarChannel__to_medium_slave_Template.xml,Collision-avoidance.xml,true,2023-05-20T12:28:09.987,2023-05-20T13:39:08.505,4258518
delOutput__empty_slave_0.xml,Collision-avoidance.xml,true,2023-05-20T12:28:09.987,2023-05-20T13:39:48.234,4298247
urgChan__from_medium_slave.xml,Collision-avoidance.xml,true,2023-05-20T12:28:09.987,2023-05-20T13:39:58.802,4308815
delOutput__data1_0.xml,Collision-avoidance.xml,true,2023-05-20T12:28:09.987,2023-05-20T13:40:32.351,4342364
delSync__from_medium_slave2.xml,Collision-avoidance.xml,true,2023-05-20T12:28:09.987,2023-05-20T13:51:27.965,4997978
MaskVarChannel__out_2_Template0.xml,Collision-avoidance.xml,true,2023-05-20T12:28:09.987,2023-05-20T13:52:17.283,5047296
parSeq__from_medium_slave13.xml,Collision-avoidance.xml,true,2023-05-20T12:28:09.987,2023-05-20T13:52:23.589,5053602
parSeq__from_medium_slave24.xml,Collision-avoidance.xml,true,2023-05-20T12:28:09.987,2023-05-20T13:52:56.965,5086978
delSync__from_medium_slave8.xml,Collision-avoidance.xml,true,2023-05-20T12:28:09.988,2023-05-20T14:03:34.073,5724085
delSync__from_medium_slave19.xml,Collision-avoidance.xml,true,2023-05-20T12:28:09.988,2023-05-20T14:04:27.154,5777166
commLoc_7.xml,Collision-avoidance.xml,true,2023-05-20T12:28:09.988,2023-05-20T14:04:27.670,5777682
parSeq__from_medium_slave16.xml,Collision-avoidance.xml,true,2023-05-20T12:28:09.988,2023-05-20T14:05:04.273,5814285
urgChan__empty_slave.xml,Collision-avoidance.xml,true,2023-05-20T12:28:09.988,2023-05-20T14:15:40.693,6450705
delOutput__data0_0.xml,Collision-avoidance.xml,true,2023-05-20T12:28:09.988,2023-05-20T14:16:22.757,6492769
urgLoc_2.xml,Collision-avoidance.xml,true,2023-05-20T12:28:09.988,2023-05-20T14:16:30.816,6500828
parSeq__from_medium_slave25.xml,Collision-avoidance.xml,true,2023-05-20T12:28:09.988,2023-05-20T14:17:10.846,6540858
parSeq__from_medium_slave21.xml,Collision-avoidance.xml,true,2023-05-20T12:28:09.988,2023-05-20T14:28:02.316,7192328
delSync__from_medium_slave10.xml,Collision-avoidance.xml,true,2023-05-20T12:28:09.988,2023-05-20T14:28:17.787,7207799
urgChan__data0.xml,Collision-avoidance.xml,true,2023-05-20T12:28:09.988,2023-05-20T14:28:36.626,7226638
delOutput__from_medium_slave_4.xml,Collision-avoidance.xml,true,2023-05-20T12:28:09.988,2023-05-20T14:29:24.470,7274482
parSeq__empty_slave0.xml,Collision-avoidance.xml,true,2023-05-20T12:28:09.988,2023-05-20T14:39:58.510,7908522
delSync__empty_slave1.xml,Collision-avoidance.xml,true,2023-05-20T12:28:09.988,2023-05-20T14:40:08.404,7918416
delSync__out_21.xml,Collision-avoidance.xml,true,2023-05-20T12:28:09.988,2023-05-20T14:40:12.475,7922487
MaskVarChannel__data2_Template.xml,Collision-avoidance.xml,true,2023-05-20T12:28:09.988,2023-05-20T14:41:25.174,7995186
commLoc_8.xml,Collision-avoidance.xml,true,2023-05-20T12:28:09.988,2023-05-20T14:51:48.241,8618253
urgLoc_4.xml,Collision-avoidance.xml,true,2023-05-20T12:28:09.988,2023-05-20T14:51:52.926,8622938
parSeq__data01.xml,Collision-avoidance.xml,true,2023-05-20T12:28:09.988,2023-05-20T14:52:30.522,8660534
delSync__data31.xml,Collision-avoidance.xml,true,2023-05-20T12:28:09.988,2023-05-20T14:53:07.464,8697476
commLoc_6.xml,Collision-avoidance.xml,true,2023-05-20T12:28:09.988,2023-05-20T15:03:47.072,9337084
parSeq__from_medium_slave30.xml,Collision-avoidance.xml,true,2023-05-20T12:28:09.988,2023-05-20T15:03:56.951,9346963
parSeq__from_medium_slave12.xml,Collision-avoidance.xml,true,2023-05-20T12:28:09.988,2023-05-20T15:04:24.418,9374430
MaskVarChannel__out_2_Template.xml,Collision-avoidance.xml,true,2023-05-20T12:28:09.988,2023-05-20T15:05:09.569,9419581
parSeq__from_medium_slave15.xml,Collision-avoidance.xml,true,2023-05-20T12:28:09.988,2023-05-20T15:15:39.985,10049997
delSync__from_medium_slave9.xml,Collision-avoidance.xml,true,2023-05-20T12:28:09.988,2023-05-20T15:16:05.952,10075964
delSync__from_medium_slave20.xml,Collision-avoidance.xml,true,2023-05-20T12:28:09.988,2023-05-20T15:16:27.711,10097723
parSeq__from_medium_slave17.xml,Collision-avoidance.xml,true,2023-05-20T12:28:09.988,2023-05-20T15:17:00.974,10130986
parSeq__data34.xml,Collision-avoidance.xml,true,2023-05-20T12:28:09.988,2023-05-20T15:27:45.816,10775828
delSync__data21.xml,Collision-avoidance.xml,true,2023-05-20T12:28:09.988,2023-05-20T15:28:01.555,10791567
commLoc_0.xml,Collision-avoidance.xml,true,2023-05-20T12:28:09.988,2023-05-20T15:28:23.193,10813205
urgLoc_7.xml,Collision-avoidance.xml,true,2023-05-20T12:28:09.988,2023-05-20T15:29:19.672,10869684
parSeq__from_medium_slave27.xml,Collision-avoidance.xml,true,2023-05-20T12:28:09.988,2023-05-20T15:39:44.006,11494018
urgLoc_0.xml,Collision-avoidance.xml,true,2023-05-20T12:28:09.988,2023-05-20T15:39:55.015,11505027
delSync__from_medium_slave24.xml,Collision-avoidance.xml,true,2023-05-20T12:28:09.988,2023-05-20T15:40:15.935,11525947
MaskVarClock_clock_c3_Template.xml,Collision-avoidance.xml,true,2023-05-20T12:28:09.988,2023-05-20T15:41:15.528,11585540
parSeq__data23.xml,Collision-avoidance.xml,true,2023-05-20T12:28:09.988,2023-05-20T15:51:48.691,12218703
parSeq__from_medium_slave14.xml,Collision-avoidance.xml,true,2023-05-20T12:28:09.988,2023-05-20T15:51:52.615,12222627
parSeq__from_medium_slave20.xml,Collision-avoidance.xml,true,2023-05-20T12:28:09.988,2023-05-20T15:52:06.214,12236226
parSeq__to_medium_slave5.xml,Collision-avoidance.xml,true,2023-05-20T12:28:09.988,2023-05-20T15:52:57.903,12287915
urgChan__data2.xml,Collision-avoidance.xml,true,2023-05-20T12:28:09.988,2023-05-20T16:03:38.963,12928975
parSeq__from_medium_slave7.xml,Collision-avoidance.xml,true,2023-05-20T12:28:09.988,2023-05-20T16:03:52.646,12942658
commLoc_4.xml,Collision-avoidance.xml,true,2023-05-20T12:28:09.988,2023-05-20T16:04:11.170,12961182
delSync__from_medium_slave7.xml,Collision-avoidance.xml,true,2023-05-20T12:28:09.988,2023-05-20T16:04:44.944,12994956
MaskVarChannel__data1_Template0.xml,Collision-avoidance.xml,true,2023-05-20T12:28:09.988,2023-05-20T16:15:23.537,13633549
parSeq__from_medium_slave8.xml,Collision-avoidance.xml,true,2023-05-20T12:28:09.988,2023-05-20T16:15:31.159,13641171
delSync__from_medium_slave16.xml,Collision-avoidance.xml,true,2023-05-20T12:28:09.988,2023-05-20T16:16:23.171,13693183
commLoc_9.xml,Collision-avoidance.xml,true,2023-05-20T12:28:09.988,2023-05-20T16:16:39.194,13709206
urgLoc_6.xml,Collision-avoidance.xml,true,2023-05-20T12:28:09.988,2023-05-20T16:27:12.628,14342640
delSync__data11.xml,Collision-avoidance.xml,true,2023-05-20T12:28:09.988,2023-05-20T16:27:53.493,14383505
delSync__from_medium_slave23.xml,Collision-avoidance.xml,true,2023-05-20T12:28:09.988,2023-05-20T16:28:18.461,14408473
delOutput__out_2_0.xml,Collision-avoidance.xml,true,2023-05-20T12:28:09.988,2023-05-20T16:28:35.344,14425356
commLoc_2.xml,Collision-avoidance.xml,true,2023-05-20T12:28:09.988,2023-05-20T16:39:05.052,15055064
parSeq__from_medium_slave29.xml,Collision-avoidance.xml,true,2023-05-20T12:28:09.988,2023-05-20T16:39:37.351,15087363
delSync__from_medium_slave5.xml,Collision-avoidance.xml,true,2023-05-20T12:28:09.988,2023-05-20T16:40:07.241,15117253
urgLoc_3.xml,Collision-avoidance.xml,true,2023-05-20T12:28:09.988,2023-05-20T16:40:14.607,15124619
MaskVarClock_clock_c3_Template0.xml,Collision-avoidance.xml,true,2023-05-20T12:28:09.988,2023-05-20T16:51:11.340,15781352
delSync__in_21.xml,Collision-avoidance.xml,true,2023-05-20T12:28:09.988,2023-05-20T16:51:22.997,15793009
urgLoc_9.xml,Collision-avoidance.xml,true,2023-05-20T12:28:09.988,2023-05-20T16:52:00.003,15830015
urgLoc_8.xml,Collision-avoidance.xml,true,2023-05-20T12:28:09.988,2023-05-20T16:52:12.390,15842402
delSync__from_medium_slave6.xml,Collision-avoidance.xml,true,2023-05-20T12:28:09.988,2023-05-20T17:02:56,16486012
urgChan__out_2.xml,Collision-avoidance.xml,true,2023-05-20T12:28:09.988,2023-05-20T17:03:16.652,16506664
parSeq__from_medium_slave28.xml,Collision-avoidance.xml,true,2023-05-20T12:28:09.988,2023-05-20T17:03:55.079,16545091
MaskVarChannel__data1_Template.xml,Collision-avoidance.xml,true,2023-05-20T12:28:09.988,2023-05-20T17:04:07.330,16557342
MaskVarChannel__data3_Template.xml,Collision-avoidance.xml,true,2023-05-20T12:28:09.988,2023-05-20T17:14:43.381,17193393
MaskVarChannel__data0_Template0.xml,Collision-avoidance.xml,true,2023-05-20T12:28:09.988,2023-05-20T17:14:47.752,17197764
urgChan__data1.xml,Collision-avoidance.xml,true,2023-05-20T12:28:09.988,2023-05-20T17:15:52.258,17262270
parSeq__from_medium_slave10.xml,Collision-avoidance.xml,true,2023-05-20T12:28:09.988,2023-05-20T17:15:56.721,17266733
delSync__from_medium_slave21.xml,Collision-avoidance.xml,true,2023-05-20T12:28:09.988,2023-05-20T17:26:38.763,17908775
MaskVarChannel__data3_Template0.xml,Collision-avoidance.xml,true,2023-05-20T12:28:09.988,2023-05-20T17:26:52.248,17922260
delSync__from_medium_slave1.xml,Collision-avoidance.xml,true,2023-05-20T12:28:09.989,2023-05-20T17:27:35.381,17965392
delOutput__from_medium_slave_0.xml,Collision-avoidance.xml,true,2023-05-20T12:28:09.989,2023-05-20T17:27:53.603,17983614
MaskVarChannel__data2_Template0.xml,Collision-avoidance.xml,true,2023-05-20T12:28:09.989,2023-05-20T17:38:09.058,18599069
urgChan__in_2.xml,Collision-avoidance.xml,true,2023-05-20T12:28:09.989,2023-05-20T17:38:52.646,18642657
parSeq__from_medium_slave22.xml,Collision-avoidance.xml,true,2023-05-20T12:28:09.989,2023-05-20T17:39:31.028,18681039
MaskVarChannel__to_medium_slave_Template0.xml,Collision-avoidance.xml,true,2023-05-20T12:28:09.989,2023-05-20T17:39:39.806,18689817
delSync__from_medium_slave4.xml,Collision-avoidance.xml,true,2023-05-20T12:28:09.989,2023-05-20T17:50:19.287,19329298
MaskVarChannel__in_2_Template0.xml,Collision-avoidance.xml,true,2023-05-20T12:28:09.989,2023-05-20T17:50:49.572,19359583
MaskVarChannel__in_2_Template.xml,Collision-avoidance.xml,true,2023-05-20T12:28:09.989,2023-05-20T17:51:20.100,19390111
delSync__from_medium_slave18.xml,Collision-avoidance.xml,true,2023-05-20T12:28:09.989,2023-05-20T17:51:28.055,19398066
commLoc_10.xml,Collision-avoidance.xml,true,2023-05-20T12:28:09.989,2023-05-20T18:02:02.391,20032402
urgLoc_10.xml,Collision-avoidance.xml,true,2023-05-20T12:28:09.989,2023-05-20T18:02:50.587,20080598
parSeq__out_232.xml,Collision-avoidance.xml,true,2023-05-20T12:28:09.989,2023-05-20T18:03:17.485,20107496
delSync__data01.xml,Collision-avoidance.xml,true,2023-05-20T12:28:09.989,2023-05-20T18:03:46.175,20136186
delOutput__from_medium_slave_3.xml,Collision-avoidance.xml,true,2023-05-20T12:28:09.989,2023-05-20T18:13:43.770,20733781
delSync__from_medium_slave11.xml,Collision-avoidance.xml,true,2023-05-20T12:28:09.989,2023-05-20T18:14:41.272,20791283
parSeq__from_medium_slave18.xml,Collision-avoidance.xml,true,2023-05-20T12:28:09.989,2023-05-20T18:15:07.039,20817050
commLoc_5.xml,Collision-avoidance.xml,true,2023-05-20T12:28:09.989,2023-05-20T18:15:36.643,20846654
parSeq__from_medium_slave6.xml,Collision-avoidance.xml,true,2023-05-20T12:28:09.989,2023-05-20T18:25:55.509,21465520
delSync__from_medium_slave3.xml,Collision-avoidance.xml,true,2023-05-20T12:28:09.989,2023-05-20T18:26:19.109,21489120
MaskVarChannel__from_medium_slave_Template0.xml,Collision-avoidance.xml,true,2023-05-20T12:28:09.989,2023-05-20T18:27:05.921,21535932
parSeq__from_medium_slave11.xml,Collision-avoidance.xml,true,2023-05-20T12:28:09.989,2023-05-20T18:27:13.273,21543284
urgChan__to_medium_slave.xml,Collision-avoidance.xml,true,2023-05-20T12:28:09.989,2023-05-20T18:37:31.155,22161166
urgChan_tau.xml,Collision-avoidance.xml,true,2023-05-20T12:28:09.989,2023-05-20T18:38:21.232,22211243
delSync__from_medium_slave12.xml,Collision-avoidance.xml,true,2023-05-20T12:28:09.989,2023-05-20T18:38:50.547,22240558
MaskVarChannel__data0_Template.xml,Collision-avoidance.xml,true,2023-05-20T12:28:09.989,2023-05-20T18:39:29.974,22279985
parSeq__data12.xml,Collision-avoidance.xml,true,2023-05-20T12:28:09.989,2023-05-20T18:49:20.475,22870486
urgLoc_5.xml,Collision-avoidance.xml,true,2023-05-20T12:28:09.989,2023-05-20T18:50:23.418,22933429
MaskVarChannel__empty_slave_Template.xml,Collision-avoidance.xml,true,2023-05-20T12:28:09.989,2023-05-20T18:50:44.697,22954708
urgLoc_11.xml,Collision-avoidance.xml,true,2023-05-20T12:28:09.989,2023-05-20T18:51:02.318,22972329
delSync__from_medium_slave15.xml,Collision-avoidance.xml,true,2023-05-20T12:28:09.989,2023-05-20T19:01:28.281,23598292
parSeq__from_medium_slave23.xml,Collision-avoidance.xml,true,2023-05-20T12:28:09.989,2023-05-20T19:02:31.200,23661211
delOutput__to_medium_slave_0.xml,Collision-avoidance.xml,true,2023-05-20T12:28:09.989,2023-05-20T19:02:35.846,23665857
delSync__from_medium_slave22.xml,Collision-avoidance.xml,true,2023-05-20T12:28:09.989,2023-05-20T19:02:42.056,23672067
commLoc_11.xml,Collision-avoidance.xml,true,2023-05-20T12:28:09.989,2023-05-20T19:10:07.490,24117501
parSeq__from_medium_slave9.xml,Collision-avoidance.xml,true,2023-05-20T12:28:09.990,2023-05-20T19:10:41.169,24151179
