parSeq__in_231,delSync__from_medium_slave14.xml_product.xml,false,778329
parSeq__in_231,delOutput__data2_0.xml_product.xml,false,840336
parSeq__in_231,delOutput__from_medium_slave_2.xml_product.xml,false,816825
parSeq__in_231,parSeq__from_medium_slave26.xml_product.xml,false,813366
parSeq__in_231,MaskVarChannel__empty_slave_Template0.xml_product.xml,false,798504
parSeq__in_231,delSync__to_medium_slave1.xml_product.xml,false,753974
parSeq__in_231,MaskVarChannel__from_medium_slave_Template.xml_product.xml,false,767819
parSeq__in_231,parSeq__from_medium_slave19.xml_product.xml,false,793208
parSeq__in_231,commLoc_1.xml_product.xml,false,26517849
parSeq__in_231,commLoc_3.xml_product.xml,false,713300
parSeq__in_231,delSync__from_medium_slave13.xml_product.xml,false,708704
parSeq__in_231,delSync__from_medium_slave17.xml_product.xml,false,717586
parSeq__in_231,delOutput__data3_0.xml_product.xml,false,715338
parSeq__in_231,urgChan__data3.xml_product.xml,false,718351
parSeq__in_231,delOutput__in_2_0.xml_product.xml,false,716936
parSeq__in_231,urgChan_hello.xml_product.xml,false,712373
parSeq__in_231,delOutput__from_medium_slave_1.xml_product.xml,false,709921
parSeq__in_231,delSync__from_medium_slave25.xml_product.xml,false,715221
parSeq__in_231,urgLoc_1.xml_product.xml,false,710240
parSeq__in_231,MaskVarChannel__to_medium_slave_Template.xml_product.xml,false,710848
parSeq__in_231,delOutput__empty_slave_0.xml_product.xml,false,711006
parSeq__in_231,urgChan__from_medium_slave.xml_product.xml,false,711330
parSeq__in_231,delOutput__data1_0.xml_product.xml,false,712502
parSeq__in_231,delSync__from_medium_slave2.xml_product.xml,false,714244
parSeq__in_231,parSeq__from_medium_slave13.xml_product.xml,false,714912
