delSync_endOpenAction1.xml,Tram.xml,false,2023-06-11T03:19:50.213,2023-06-11T03:19:50.248,35
commLoc_1.xml,Tram.xml,false,2023-06-11T03:19:50.213,2023-06-11T03:19:50.252,39
parSeq_closeAction15.xml,Tram.xml,false,2023-06-11T03:19:50.212,2023-06-11T03:19:50.245,33
MaskVarChannel_openAction_Door.xml,Tram.xml,false,2023-06-11T03:19:50.212,2023-06-11T03:19:50.236,24
commLoc_3.xml,Tram.xml,false,2023-06-11T03:19:50.213,2023-06-11T03:19:50.260,47
MaskVarChannel_retractAction_Bridge.xml,Tram.xml,false,2023-06-11T03:19:50.212,2023-06-11T03:19:50.260,48
MaskVarChannel_endCloseAction_Bridge.xml,Tram.xml,false,2023-06-11T03:19:50.213,2023-06-11T03:19:50.264,51
parSeq_closeAction16.xml,Tram.xml,false,2023-06-11T03:19:50.213,2023-06-11T03:19:50.264,51
commLoc_26.xml,Tram.xml,false,2023-06-11T03:19:50.213,2023-06-11T03:19:50.265,52
parSeq_endDeployAction1.xml,Tram.xml,false,2023-06-11T03:19:50.213,2023-06-11T03:19:50.272,59
parSeq_endRetractAction4.xml,Tram.xml,false,2023-06-11T03:19:50.213,2023-06-11T03:19:50.273,60
delSync_closeAction4.xml,Tram.xml,false,2023-06-11T03:19:50.213,2023-06-11T03:19:50.281,68
commLoc_28.xml,Tram.xml,false,2023-06-11T03:19:50.213,2023-06-11T03:19:50.289,76
parSeq_endDeployAction0.xml,Tram.xml,false,2023-06-11T03:19:50.213,2023-06-11T03:19:50.292,79
delSync_endDeployAction1.xml,Tram.xml,false,2023-06-11T03:19:50.213,2023-06-11T03:19:50.294,81
parSeq_openAction9.xml,Tram.xml,false,2023-06-11T03:19:50.213,2023-06-11T03:19:50.295,82
commLoc_14.xml,Tram.xml,false,2023-06-11T03:19:50.213,2023-06-11T03:19:50.298,85
delSync_closeAction2.xml,Tram.xml,false,2023-06-11T03:19:50.213,2023-06-11T03:19:50.306,93
MaskVarChannel_endDeployAction_Bridge.xml,Tram.xml,false,2023-06-11T03:19:50.213,2023-06-11T03:19:50.318,105
MaskVarChannel_openAction_Bridge.xml,Tram.xml,false,2023-06-11T03:19:50.213,2023-06-11T03:19:50.322,109
parSeq_endOpenAction11.xml,Tram.xml,false,2023-06-11T03:19:50.213,2023-06-11T03:19:50.330,117
MaskVarChannel_closeAction_Bridge.xml,Tram.xml,false,2023-06-11T03:19:50.214,2023-06-11T03:19:50.335,121
delSync_closeAction1.xml,Tram.xml,false,2023-06-11T03:19:50.214,2023-06-11T03:19:50.338,124
delSync_openAction3.xml,Tram.xml,false,2023-06-11T03:19:50.214,2023-06-11T03:19:50.347,133
delSync_endCloseAction3.xml,Tram.xml,false,2023-06-11T03:19:50.215,2023-06-11T03:19:50.348,133
delSync_closeAction6.xml,Tram.xml,false,2023-06-11T03:19:50.215,2023-06-11T03:19:50.360,145
parSeq_openAction5.xml,Tram.xml,false,2023-06-11T03:19:50.215,2023-06-11T03:19:50.360,145
commLoc_13.xml,Tram.xml,false,2023-06-11T03:19:50.215,2023-06-11T03:19:50.362,147
commLoc_17.xml,Tram.xml,false,2023-06-11T03:19:50.215,2023-06-11T03:19:50.373,158
commLoc_22.xml,Tram.xml,false,2023-06-11T03:19:50.215,2023-06-11T03:19:50.385,170
delSync_openAction2.xml,Tram.xml,false,2023-06-11T03:19:50.215,2023-06-11T03:19:50.386,171
delSync_closeAction5.xml,Tram.xml,false,2023-06-11T03:19:50.215,2023-06-11T03:19:50.395,180
parSeq_endCloseAction20.xml,Tram.xml,false,2023-06-11T03:19:50.215,2023-06-11T03:19:50.396,181
MaskVarChannel_endCloseAction_Door.xml,Tram.xml,false,2023-06-11T03:19:50.215,2023-06-11T03:19:50.397,182
parSeq_openAction10.xml,Tram.xml,false,2023-06-11T03:19:50.215,2023-06-11T03:19:50.397,182
parSeq_closeAction17.xml,Tram.xml,false,2023-06-11T03:19:50.215,2023-06-11T03:19:50.407,192
commLoc_4.xml,Tram.xml,false,2023-06-11T03:19:50.215,2023-06-11T03:19:50.409,194
commLoc_20.xml,Tram.xml,false,2023-06-11T03:19:50.215,2023-06-11T03:19:50.409,194
delSync_openAction4.xml,Tram.xml,false,2023-06-11T03:19:50.215,2023-06-11T03:19:50.412,197
delSync_endRetractAction1.xml,Tram.xml,false,2023-06-11T03:19:50.216,2023-06-11T03:19:50.421,205
MaskVarChannel_deployAction_Bridge.xml,Tram.xml,false,2023-06-11T03:19:50.216,2023-06-11T03:19:50.421,205
parSeq_retractAction2.xml,Tram.xml,false,2023-06-11T03:19:50.216,2023-06-11T03:19:50.421,205
commLoc_2.xml,Tram.xml,false,2023-06-11T03:19:50.220,2023-06-11T03:19:50.430,210
delSync_endCloseAction1.xml,Tram.xml,false,2023-06-11T03:19:50.220,2023-06-11T03:19:50.432,212
commLoc_25.xml,Tram.xml,false,2023-06-11T03:19:50.220,2023-06-11T03:19:50.432,212
delSync_retractAction1.xml,Tram.xml,false,2023-06-11T03:19:50.220,2023-06-11T03:19:50.443,223
delSync_retractAction2.xml,Tram.xml,false,2023-06-11T03:19:50.220,2023-06-11T03:19:50.446,226
MaskVarChannel_endOpenAction_Door.xml,Tram.xml,false,2023-06-11T03:19:50.221,2023-06-11T03:19:50.453,232
parSeq_closeAction13.xml,Tram.xml,false,2023-06-11T03:19:50.220,2023-06-11T03:19:50.453,233
commLoc_15.xml,Tram.xml,false,2023-06-11T03:19:50.221,2023-06-11T03:19:50.453,232
delSync_endCloseAction2.xml,Tram.xml,false,2023-06-11T03:19:50.221,2023-06-11T03:19:50.460,239
parSeq_endCloseAction21.xml,Tram.xml,false,2023-06-11T03:19:50.221,2023-06-11T03:19:50.460,239
delSync_closeAction3.xml,Tram.xml,false,2023-06-11T03:19:50.221,2023-06-11T03:19:50.463,242
parSeq_openAction8.xml,Tram.xml,false,2023-06-11T03:19:50.221,2023-06-11T03:19:50.469,248
delSync_openAction5.xml,Tram.xml,false,2023-06-11T03:19:50.221,2023-06-11T03:19:50.470,249
delSync_openAction1.xml,Tram.xml,false,2023-06-11T03:19:50.221,2023-06-11T03:19:50.472,251
MaskVarChannel_closeAction_Door.xml,Tram.xml,false,2023-06-11T03:19:50.221,2023-06-11T03:19:50.475,254
commLoc_10.xml,Tram.xml,false,2023-06-11T03:19:50.221,2023-06-11T03:19:50.481,260
commLoc_24.xml,Tram.xml,false,2023-06-11T03:19:50.221,2023-06-11T03:19:50.482,261
parSeq_endOpenAction12.xml,Tram.xml,false,2023-06-11T03:19:50.221,2023-06-11T03:19:50.490,269
MaskVarChannel_endRetractAction_Bridge.xml,Tram.xml,false,2023-06-11T03:19:50.221,2023-06-11T03:19:50.491,270
commLoc_29.xml,Tram.xml,false,2023-06-11T03:19:50.221,2023-06-11T03:19:50.492,271
delSync_endOpenAction2.xml,Tram.xml,false,2023-06-11T03:19:50.221,2023-06-11T03:19:50.502,281
commLoc_19.xml,Tram.xml,false,2023-06-11T03:19:50.221,2023-06-11T03:19:50.502,281
parSeq_endCloseAction19.xml,Tram.xml,false,2023-06-11T03:19:50.222,2023-06-11T03:19:50.513,291
delSync_openAction6.xml,Tram.xml,false,2023-06-11T03:19:50.222,2023-06-11T03:19:50.531,309
parSeq_closeAction18.xml,Tram.xml,false,2023-06-11T03:19:50.222,2023-06-11T03:19:50.533,311
commLoc_23.xml,Tram.xml,false,2023-06-11T03:19:50.222,2023-06-11T03:19:50.538,316
parSeq_retractAction3.xml,Tram.xml,false,2023-06-11T03:19:50.222,2023-06-11T03:19:50.544,322
parSeq_openAction6.xml,Tram.xml,false,2023-06-11T03:19:50.222,2023-06-11T03:19:50.547,325
parSeq_openAction7.xml,Tram.xml,false,2023-06-11T03:19:50.222,2023-06-11T03:19:50.554,332
parSeq_closeAction14.xml,Tram.xml,false,2023-06-11T03:19:50.222,2023-06-11T03:19:50.557,335
delSync_endDeployAction2.xml,Tram.xml,false,2023-06-11T03:19:50.222,2023-06-11T03:19:50.559,337
commLoc_11.xml,Tram.xml,false,2023-06-11T03:19:50.222,2023-06-11T03:19:50.560,338
