parSeq_Fly_To12.xml,BAwCC.xml,false,2023-06-13T01:02:01.648,2023-06-13T01:02:01.751,103
MaskVarChannel_Which_Supply_Drone_Middleware_Tx.xml,BAwCC.xml,false,2023-06-13T01:02:01.638,2023-06-13T01:02:01.749,111
broadChan_Medical_Supply.xml,BAwCC.xml,false,2023-06-13T01:02:01.649,2023-06-13T01:02:01.779,130
MaskVarChannel_Next_Position_Drone_Middleware_Rx.xml,BAwCC.xml,false,2023-06-13T01:02:01.649,2023-06-13T01:02:01.779,130
delOutput_Fly_To_0.xml,BAwCC.xml,false,2023-06-13T01:02:01.657,2023-06-13T01:02:01.780,123
MaskVarChannel_Medical_Supply_GCS_Middleware_Tx.xml,BAwCC.xml,false,2023-06-13T01:02:01.658,2023-06-13T01:02:01.780,122
MaskVarChannel_Attack_Drone_Job_Flight.xml,BAwCC.xml,false,2023-06-13T01:02:01.658,2023-06-13T01:02:01.780,122
delOutput_Attack_0.xml,BAwCC.xml,false,2023-06-13T01:02:01.658,2023-06-13T01:02:01.780,122
parSeq_Fly_To13.xml,BAwCC.xml,false,2023-06-13T01:02:01.658,2023-06-13T01:02:01.781,123
MaskVarChannel_Next_Position_GCS_Mth_Fly_To.xml,BAwCC.xml,false,2023-06-13T01:02:01.649,2023-06-13T01:02:01.781,132
delOutput_Which_Supply_0.xml,BAwCC.xml,false,2023-06-13T01:02:01.649,2023-06-13T01:02:01.781,132
parSeq_Inputs5.xml,BAwCC.xml,false,2023-06-13T01:02:01.657,2023-06-13T01:02:01.782,125
MaskVarChannel_Medical_Supply_GCS_Mth_Which_Supply.xml,BAwCC.xml,false,2023-06-13T01:02:01.658,2023-06-13T01:02:01.782,124
delOutput_Which_Supply_1.xml,BAwCC.xml,false,2023-06-13T01:02:01.658,2023-06-13T01:02:01.782,124
commLoc_18.xml,BAwCC.xml,false,2023-06-13T01:02:01.649,2023-06-13T01:02:01.782,133
MaskVarChannel_Attack_Drone_Middleware_Rx.xml,BAwCC.xml,false,2023-06-13T01:02:01.649,2023-06-13T01:02:01.778,129
delSync_Next_Position4.xml,BAwCC.xml,false,2023-06-13T01:02:01.649,2023-06-13T01:02:01.783,134
urgChan_Timeout.xml,BAwCC.xml,false,2023-06-13T01:02:01.649,2023-06-13T01:02:01.783,134
broadChan_Fly_To.xml,BAwCC.xml,false,2023-06-13T01:02:01.657,2023-06-13T01:02:01.784,127
commLoc_26.xml,BAwCC.xml,false,2023-06-13T01:02:01.658,2023-06-13T01:02:01.784,126
delSync_Next_Position1.xml,BAwCC.xml,false,2023-06-13T01:02:01.658,2023-06-13T01:02:01.784,126
parSeq_Outputs6.xml,BAwCC.xml,false,2023-06-13T01:02:01.648,2023-06-13T01:02:01.784,136
MaskVarChannel_Fly_To_GCS_Mth_Fly_To.xml,BAwCC.xml,false,2023-06-13T01:02:01.649,2023-06-13T01:02:01.784,135
urgChan_Medical_Supply.xml,BAwCC.xml,false,2023-06-13T01:02:01.657,2023-06-13T01:02:01.785,128
parSeq_Outputs10.xml,BAwCC.xml,false,2023-06-13T01:02:01.658,2023-06-13T01:02:01.785,127
urgChan_Fly_To.xml,BAwCC.xml,false,2023-06-13T01:02:01.658,2023-06-13T01:02:01.787,129
commLoc_30.xml,BAwCC.xml,false,2023-06-13T01:02:01.642,2023-06-13T01:02:01.749,107
urgChan_Attack.xml,BAwCC.xml,false,2023-06-13T01:02:01.627,2023-06-13T01:02:01.750,123
MaskVarChannel_Next_Position_GCS_Middleware_Tx.xml,BAwCC.xml,false,2023-06-13T01:02:01.646,2023-06-13T01:02:01.749,103
commLoc_3.xml,BAwCC.xml,false,2023-06-13T01:02:01.657,2023-06-13T01:02:01.788,131
parSeq_Next_Position16.xml,BAwCC.xml,false,2023-06-13T01:02:01.658,2023-06-13T01:02:01.788,130
delSync_Unknown_Position3.xml,BAwCC.xml,false,2023-06-13T01:02:01.658,2023-06-13T01:02:01.791,133
commLoc_21.xml,BAwCC.xml,false,2023-06-13T01:02:01.658,2023-06-13T01:02:01.791,133
urgLoc_32.xml,BAwCC.xml,false,2023-06-13T01:02:01.658,2023-06-13T01:02:01.791,133
parSeq_Which_Supply25.xml,BAwCC.xml,false,2023-06-13T01:02:01.658,2023-06-13T01:02:01.791,133
parSeq_Inputs3.xml,BAwCC.xml,false,2023-06-13T01:02:01.649,2023-06-13T01:02:01.783,134
delSync_Attack1.xml,BAwCC.xml,false,2023-06-13T01:02:01.646,2023-06-13T01:02:01.745,99
delSync_Fly_To2.xml,BAwCC.xml,false,2023-06-13T01:02:01.648,2023-06-13T01:02:01.750,102
urgLoc_18.xml,BAwCC.xml,false,2023-06-13T01:02:01.658,2023-06-13T01:02:01.787,129
commLoc_1.xml,BAwCC.xml,false,2023-06-13T01:02:01.657,2023-06-13T01:02:01.788,131
commLoc_33.xml,BAwCC.xml,false,2023-06-13T01:02:01.658,2023-06-13T01:02:01.796,138
delOutput_Outputs_1.xml,BAwCC.xml,false,2023-06-13T01:02:01.658,2023-06-13T01:02:01.796,138
delOutput_Outputs_2.xml,BAwCC.xml,false,2023-06-13T01:02:01.658,2023-06-13T01:02:01.800,142
MaskVarChannel_Fly_To_Drone_Middleware_Tx.xml,BAwCC.xml,false,2023-06-13T01:02:01.658,2023-06-13T01:02:01.800,142
urgLoc_30.xml,BAwCC.xml,false,2023-06-13T01:02:01.658,2023-06-13T01:02:01.803,145
delSync_Which_Supply1.xml,BAwCC.xml,false,2023-06-13T01:02:01.658,2023-06-13T01:02:01.804,146
urgLoc_1.xml,BAwCC.xml,false,2023-06-13T01:02:01.658,2023-06-13T01:02:01.804,146
commLoc_28.xml,BAwCC.xml,false,2023-06-13T01:02:01.659,2023-06-13T01:02:01.807,148
urgChan_Next_Position.xml,BAwCC.xml,false,2023-06-13T01:02:01.658,2023-06-13T01:02:01.807,149
MaskVarChannel_Fly_To_GCS_Middleware_Rx.xml,BAwCC.xml,false,2023-06-13T01:02:01.659,2023-06-13T01:02:01.808,149
broadChan_Hack.xml,BAwCC.xml,false,2023-06-13T01:02:01.659,2023-06-13T01:02:01.809,150
broadChan_Inputs.xml,BAwCC.xml,false,2023-06-13T01:02:01.659,2023-06-13T01:02:01.811,152
commLoc_14.xml,BAwCC.xml,false,2023-06-13T01:02:01.659,2023-06-13T01:02:01.812,153
MaskVarChannel_Hack_Hacker.xml,BAwCC.xml,false,2023-06-13T01:02:01.659,2023-06-13T01:02:01.814,155
parSeq_Inputs4.xml,BAwCC.xml,false,2023-06-13T01:02:01.659,2023-06-13T01:02:01.815,156
commLoc_32.xml,BAwCC.xml,false,2023-06-13T01:02:01.659,2023-06-13T01:02:01.815,156
commLoc_7.xml,BAwCC.xml,false,2023-06-13T01:02:01.659,2023-06-13T01:02:01.816,157
delSync_Fly_To1.xml,BAwCC.xml,false,2023-06-13T01:02:01.659,2023-06-13T01:02:01.819,160
urgChan_Hack.xml,BAwCC.xml,false,2023-06-13T01:02:01.659,2023-06-13T01:02:01.821,162
MaskVarChannel_Which_Supply_GCS_Mth_Which_Supply.xml,BAwCC.xml,false,2023-06-13T01:02:01.659,2023-06-13T01:02:01.822,163
urgLoc_2.xml,BAwCC.xml,false,2023-06-13T01:02:01.659,2023-06-13T01:02:01.827,168
parSeq_Timeout29.xml,BAwCC.xml,false,2023-06-13T01:02:01.659,2023-06-13T01:02:01.827,168
MaskVarClock_h_Drone_Middleware_Rx.xml,BAwCC.xml,false,2023-06-13T01:02:01.659,2023-06-13T01:02:01.830,171
parSeq_Inputs2.xml,BAwCC.xml,false,2023-06-13T01:02:01.659,2023-06-13T01:02:01.831,172
MaskVarChannel_Timeout_Drone_Job_Flight.xml,BAwCC.xml,false,2023-06-13T01:02:01.659,2023-06-13T01:02:01.832,173
MaskVarChannel_Timeout_Drone_Middleware_Rx.xml,BAwCC.xml,false,2023-06-13T01:02:01.659,2023-06-13T01:02:01.834,175
urgLoc_19.xml,BAwCC.xml,false,2023-06-13T01:02:01.659,2023-06-13T01:02:01.834,175
commLoc_16.xml,BAwCC.xml,false,2023-06-13T01:02:01.659,2023-06-13T01:02:01.836,177
broadChan_Attack.xml,BAwCC.xml,false,2023-06-13T01:02:01.659,2023-06-13T01:02:01.839,180
commLoc_35.xml,BAwCC.xml,false,2023-06-13T01:02:01.659,2023-06-13T01:02:01.840,181
urgLoc_13.xml,BAwCC.xml,false,2023-06-13T01:02:01.659,2023-06-13T01:02:01.841,182
delSync_Fly_To4.xml,BAwCC.xml,false,2023-06-13T01:02:01.659,2023-06-13T01:02:01.840,181
delSync_Outputs6.xml,BAwCC.xml,false,2023-06-13T01:02:01.659,2023-06-13T01:02:01.844,185
parSeq_Medical_Supply26.xml,BAwCC.xml,false,2023-06-13T01:02:01.659,2023-06-13T01:02:01.844,185
commLoc_8.xml,BAwCC.xml,false,2023-06-13T01:02:01.659,2023-06-13T01:02:01.845,186
delSync_Which_Supply2.xml,BAwCC.xml,false,2023-06-13T01:02:01.660,2023-06-13T01:02:01.847,187
MaskVarChannel_Inputs_GCS_Middleware_Tx.xml,BAwCC.xml,false,2023-06-13T01:02:01.660,2023-06-13T01:02:01.848,188
urgLoc_4.xml,BAwCC.xml,false,2023-06-13T01:02:01.660,2023-06-13T01:02:01.849,189
MaskVarChannel_Unknown_Position_GCS_Mth_Fly_To.xml,BAwCC.xml,false,2023-06-13T01:02:01.660,2023-06-13T01:02:01.850,190
delOutput_Timeout_0.xml,BAwCC.xml,false,2023-06-13T01:02:01.660,2023-06-13T01:02:01.851,191
MaskVarChannel_Unknown_Position_GCS_Middleware_Tx.xml,BAwCC.xml,false,2023-06-13T01:02:01.660,2023-06-13T01:02:01.851,191
commLoc_6.xml,BAwCC.xml,false,2023-06-13T01:02:01.660,2023-06-13T01:02:01.852,192
parSeq_Unknown_Position23.xml,BAwCC.xml,false,2023-06-13T01:02:01.660,2023-06-13T01:02:01.854,194
MaskVarChannel_Outputs_Drone_Middleware_Rx.xml,BAwCC.xml,false,2023-06-13T01:02:01.660,2023-06-13T01:02:01.854,194
delSync_Inputs2.xml,BAwCC.xml,false,2023-06-13T01:02:01.660,2023-06-13T01:02:01.856,196
commLoc_13.xml,BAwCC.xml,false,2023-06-13T01:02:01.660,2023-06-13T01:02:01.857,197
delOutput_Outputs_4.xml,BAwCC.xml,false,2023-06-13T01:02:01.660,2023-06-13T01:02:01.858,198
commLoc_12.xml,BAwCC.xml,false,2023-06-13T01:02:01.660,2023-06-13T01:02:01.860,200
delSync_Timeout1.xml,BAwCC.xml,false,2023-06-13T01:02:01.660,2023-06-13T01:02:01.861,201
MaskVarChannel_Inputs_Network_Track.xml,BAwCC.xml,false,2023-06-13T01:02:01.660,2023-06-13T01:02:01.861,201
delSync_Next_Position3.xml,BAwCC.xml,false,2023-06-13T01:02:01.660,2023-06-13T01:02:01.863,203
parSeq_Next_Position17.xml,BAwCC.xml,false,2023-06-13T01:02:01.660,2023-06-13T01:02:01.864,204
commLoc_0.xml,BAwCC.xml,false,2023-06-13T01:02:01.660,2023-06-13T01:02:01.864,204
delOutput_Medical_Supply_0.xml,BAwCC.xml,false,2023-06-13T01:02:01.660,2023-06-13T01:02:01.867,207
urgLoc_12.xml,BAwCC.xml,false,2023-06-13T01:02:01.660,2023-06-13T01:02:01.867,207
urgLoc_7.xml,BAwCC.xml,false,2023-06-13T01:02:01.660,2023-06-13T01:02:01.868,208
urgLoc_0.xml,BAwCC.xml,false,2023-06-13T01:02:01.660,2023-06-13T01:02:01.871,211
delOutput_Outputs_3.xml,BAwCC.xml,false,2023-06-13T01:02:01.661,2023-06-13T01:02:01.872,211
commLoc_17.xml,BAwCC.xml,false,2023-06-13T01:02:01.660,2023-06-13T01:02:01.872,212
urgLoc_17.xml,BAwCC.xml,false,2023-06-13T01:02:01.661,2023-06-13T01:02:01.876,215
urgLoc_26.xml,BAwCC.xml,false,2023-06-13T01:02:01.661,2023-06-13T01:02:01.876,215
commLoc_22.xml,BAwCC.xml,false,2023-06-13T01:02:01.661,2023-06-13T01:02:01.876,215
parSeq_Unknown_Position22.xml,BAwCC.xml,false,2023-06-13T01:02:01.661,2023-06-13T01:02:01.879,218
parSeq_Hack0.xml,BAwCC.xml,false,2023-06-13T01:02:01.661,2023-06-13T01:02:01.880,219
MaskVarChannel_Medical_Supply_Drone_Middleware_Rx.xml,BAwCC.xml,false,2023-06-13T01:02:01.661,2023-06-13T01:02:01.887,226
MaskVarChannel_Inputs_Drone_Middleware_Tx.xml,BAwCC.xml,false,2023-06-13T01:02:01.661,2023-06-13T01:02:01.888,227
parSeq_Outputs11.xml,BAwCC.xml,false,2023-06-13T01:02:01.661,2023-06-13T01:02:01.890,229
delSync_Next_Position2.xml,BAwCC.xml,false,2023-06-13T01:02:01.661,2023-06-13T01:02:01.891,230
urgLoc_22.xml,BAwCC.xml,false,2023-06-13T01:02:01.662,2023-06-13T01:02:01.892,230
delSync_Outputs5.xml,BAwCC.xml,false,2023-06-13T01:02:01.661,2023-06-13T01:02:01.892,231
parSeq_Inputs1.xml,BAwCC.xml,false,2023-06-13T01:02:01.661,2023-06-13T01:02:01.894,233
