urgent__to_medium_slave.xml,Collision-avoidance.xml,true,2809-08-03T16:23:31.579,2809-08-13T11:36:33.060,846781481
maskVarClock__c3_Template.xml,Collision-avoidance.xml,true,2809-08-03T07:20:47.418,2809-08-13T17:32:06.521,900679103
urgLoc_Template_s2_5.xml,Collision-avoidance.xml,true,2809-08-03T22:01:09.998,2809-08-22T03:30:27.786,1574957788
urgent__in_2.xml,Collision-avoidance.xml,true,2809-08-04T02:31:15.596,2809-08-23T01:34:54.873,1638219277
urgent__data1.xml,Collision-avoidance.xml,true,2809-08-04T06:22:17.946,2809-08-28T20:17:38.876,2123720930
commLoc_Template_s2_1.xml,Collision-avoidance.xml,true,2809-08-04T10:08:14.319,2809-08-29T19:02:56.012,2192081693
urgent__data2.xml,Collision-avoidance.xml,true,2809-08-04T12:07:39.935,2809-09-04T19:54:43.229,2706423294
delSync_Template5.xml,Collision-avoidance.xml,false,2809-08-04T13:57:56.809,2809-09-05T00:41:51.064,2717034255
delSync_Template02.xml,Collision-avoidance.xml,false,2809-08-04T15:54:54.261,2809-09-11T08:20:55.164,3255960903
commLoc_Template0_s2_4.xml,Collision-avoidance.xml,true,2809-08-04T17:30:27.447,2809-09-12T09:33:19.423,3340971976
MaskVarChannel__empty_slave_Template0.xml,Collision-avoidance.xml,true,2809-08-04T19:05:54.019,2809-09-18T06:10:09.883,3841455864
urgent__data0.xml,Collision-avoidance.xml,true,2809-08-04T20:40:24.823,2809-09-19T03:17:16.371,3911811548
MaskVarChannel__from_medium_slave_Template.xml,Collision-avoidance.xml,true,2809-08-04T22:13:06.795,2809-09-25T08:09:01.063,4442154268
MaskVarChannel_hello_Template0.xml,Collision-avoidance.xml,true,2809-08-04T23:43:50.786,2809-09-26T02:21:51.793,4502281007
delSync_Template3.xml,Collision-avoidance.xml,false,2809-08-05T01:02:46.356,2809-10-01T07:40:03.224,4948636868
delSyncNG_Template00.xml,Collision-avoidance.xml,false,2809-08-05T03:26:55.908,2809-10-02T14:51:21.715,5052265807
urgLoc_Template_s2_4.xml,Collision-avoidance.xml,true,2809-08-05T04:41:57.148,2809-10-09T12:57:11.775,5645714627
urgLoc_Template_s2_1.xml,Collision-avoidance.xml,true,2809-08-05T05:53:05.310,2809-10-09T21:13:58.191,5671252881
delSync_Template07.xml,Collision-avoidance.xml,false,2809-08-05T07:02:11.877,2809-10-15T19:14:30.679,6178338802
urgLoc_Template_s2_2.xml,Collision-avoidance.xml,true,2809-08-05T15:55:02.359,2809-10-16T12:22:42.045,6208059686
commLoc_Template_s2_5.xml,Collision-avoidance.xml,true,2809-08-05T17:06:01.378,2809-10-22T11:42:38.880,6719797502
maskVarClock__c3_Template0.xml,Collision-avoidance.xml,true,2809-08-05T18:10:28.929,2809-10-23T02:03:54.995,6767606066
MaskVarChannel_tau_Template0.xml,Collision-avoidance.xml,true,2809-08-05T19:18:08.472,2809-10-29T07:19:01.032,7304452560
urgLoc_Template0_s2_5.xml,Collision-avoidance.xml,true,2809-08-05T20:22:57.154,2809-10-30T19:55:58.768,7432381614
delSync_Template9.xml,Collision-avoidance.xml,true,2809-08-05T21:24:55.732,2809-11-04T15:41:50.937,7845415205
MaskVarChannel__to_medium_slave_Template.xml,Collision-avoidance.xml,true,2809-08-05T22:33:24.809,2809-11-06T22:32:16.581,8038731772
delSync_Template1.xml,Collision-avoidance.xml,false,2809-08-05T23:36:14.859,2809-11-11T07:47:36.253,8413881394
MaskVarChannel__out_2_Template0.xml,Collision-avoidance.xml,true,2809-08-06T00:40:23.203,2809-11-14T05:02:34.028,8659330825
delSyncNG_Template08.xml,Collision-avoidance.xml,false,2809-08-06T01:54:26.384,2809-11-18T17:33:52.521,9045566137
delSyncNG_Template01.xml,Collision-avoidance.xml,false,2809-08-06T03:01:46.893,2809-11-21T01:33:09.618,9243082725
commLoc_Template0_s2_5.xml,Collision-avoidance.xml,true,2809-08-06T04:28:15.436,2809-11-25T14:34:28.097,9630372661
delSync_Template06.xml,Collision-avoidance.xml,false,2809-08-06T05:30:23.691,2809-11-27T16:24:37.375,9806053684
delSync_Template11.xml,Collision-avoidance.xml,true,2809-08-06T07:09:04.008,2809-12-02T04:15:07.663,10188363655
delSync_Template11.xml,Collision-avoidance.xml,false,2809-08-06T07:08:04.327,2809-12-02T04:17:57.040,10188592713
commLoc_Template_s2_0.xml,Collision-avoidance.xml,true,2809-08-06T08:10:01.463,2809-12-04T12:01:51.009,10385509546
urgLoc_Template0_s2_2.xml,Collision-avoidance.xml,true,2809-08-06T09:06:53.736,2809-12-08T18:07:12.102,10749618366
MaskVarChannel__data2_Template.xml,Collision-avoidance.xml,true,2809-08-06T10:48:09.796,2809-12-11T14:12:46.293,10988676497
urgLoc_Template_s2_0.xml,Collision-avoidance.xml,true,2809-08-06T12:23:05.264,2809-12-16T10:26:26.465,11401401201
delSyncNG_Template03.xml,Collision-avoidance.xml,false,2809-08-06T13:22:44.269,2809-12-18T16:23:50.412,11592066143
MaskVarChannel__out_2_Template.xml,Collision-avoidance.xml,true,2809-08-06T14:20:49.871,2809-12-22T23:18:56.085,11959086214
commLoc_Template0_s2_3.xml,Collision-avoidance.xml,true,2809-08-06T15:17:47.790,2809-12-25T03:34:09.853,12143782063
delSyncNG_Template2.xml,Collision-avoidance.xml,true,2809-08-06T16:15:43.406,2809-12-29T16:03:37.076,12530873670
commLoc_Template0_s2_1.xml,Collision-avoidance.xml,true,2809-08-06T17:12:41.730,2810-01-01T10:21:06.132,12766104402
commLoc_Template0_s2_0.xml,Collision-avoidance.xml,true,2809-08-06T19:17:34.489,2810-01-05T21:36:41.850,13144747361
commLoc_Template0_s2_2.xml,Collision-avoidance.xml,true,2809-08-06T20:11:20.264,2810-01-08T05:08:23.180,13341422916
delSyncNG_Template6.xml,Collision-avoidance.xml,false,2809-08-06T21:58:15.168,2810-01-12T23:02:21.172,13745046004
MaskVarChannel__data1_Template0.xml,Collision-avoidance.xml,true,2809-08-06T21:07:54.798,2810-01-12T23:03:24.849,13748130051
MaskVarChannel_tau_Template.xml,Collision-avoidance.xml,true,2809-08-06T22:56:33.323,2810-01-19T08:33:05.228,14294191905
delSyncNG_Template05.xml,Collision-avoidance.xml,false,2809-08-06T23:47:25.292,2810-01-21T23:42:20.605,14518495313
commLoc_Template_s2_2.xml,Collision-avoidance.xml,true,2809-08-07T00:36:01.380,2810-01-26T02:46:07.132,14872205752
delSync_Template10.xml,Collision-avoidance.xml,false,2809-08-07T01:31:07.960,2810-01-26T21:05:34.629,14934866669
urgent_tau.xml,Collision-avoidance.xml,true,2809-08-07T02:26:03.519,2810-02-02T09:03:30.196,15493046677
delSync_Template8.xml,Collision-avoidance.xml,false,2809-08-07T03:21:56.652,2810-02-02T18:19:25.944,15523049292
delSync_Template04.xml,Collision-avoidance.xml,false,2809-08-07T04:16:42.073,2810-02-08T18:27:31.071,16038648998
delSyncNG_Template010.xml,Collision-avoidance.xml,false,2809-08-07T05:10:51.437,2810-02-11T13:16:00.987,16275909550
MaskVarChannel__data1_Template.xml,Collision-avoidance.xml,true,2809-08-07T07:57:03.113,2810-02-15T10:46:57.067,16602593954
urgent_hello.xml,Collision-avoidance.xml,true,2809-08-07T08:54:02.070,2810-02-18T15:16:48.633,16874566563
urgent__data3.xml,Collision-avoidance.xml,true,2809-08-07T09:52:14.289,2810-02-22T09:59:54.587,17197660298
MaskVarChannel__data3_Template.xml,Collision-avoidance.xml,true,2809-08-07T10:59:32.211,2810-02-25T15:35:16.067,17472943856
MaskVarChannel__data0_Template0.xml,Collision-avoidance.xml,true,2809-08-07T11:53:38.686,2810-03-01T06:53:42.648,17784003962
delSyncNG_Template012.xml,Collision-avoidance.xml,false,2809-08-07T12:46:53.120,2810-03-04T10:46:42.241,18053989121
urgent__from_medium_slave.xml,Collision-avoidance.xml,true,2809-08-07T13:38:38.069,2810-03-08T13:38:35.936,18406797867
MaskVarChannel__data3_Template0.xml,Collision-avoidance.xml,true,2809-08-07T14:31:54.319,2810-03-11T13:42:56.957,18663062638
urgLoc_Template_s2_3.xml,Collision-avoidance.xml,true,2809-08-07T16:37:48.929,2810-03-15T07:56:08.142,18980299213
urgLoc_Template0_s2_3.xml,Collision-avoidance.xml,true,2809-08-07T17:33:17.770,2810-03-18T04:38:17.548,19224299778
urgent__out_2.xml,Collision-avoidance.xml,true,2809-08-07T18:24:49.995,2810-03-21T19:40:34.562,19534544567
delSyncNG_Template7.xml,Collision-avoidance.xml,false,2809-08-07T20:25:26.281,2810-03-22T06:03:37.679,19564691398
MaskVarChannel__data2_Template0.xml,Collision-avoidance.xml,true,2809-08-08T00:04:27.068,2810-03-28T11:38:20.635,20086433567
MaskVarChannel__to_medium_slave_Template0.xml,Collision-avoidance.xml,true,2809-08-08T01:05:43.107,2810-03-31T03:21:18.449,20312135342
MaskVarChannel__in_2_Template0.xml,Collision-avoidance.xml,true,2809-08-08T02:19:48.166,2810-04-04T18:16:18.096,20706989930
MaskVarChannel__in_2_Template.xml,Collision-avoidance.xml,true,2809-08-08T05:29:41.409,2810-04-07T00:30:28.957,20890847548
urgLoc_Template0_s2_1.xml,Collision-avoidance.xml,true,2809-08-08T06:14:38.377,2810-04-11T11:51:00.039,21274581662
delSync_Template12.xml,Collision-avoidance.xml,false,2809-08-08T06:59:03.320,2810-04-11T14:55:01.593,21282958273
delSyncNG_Template4.xml,Collision-avoidance.xml,false,2809-08-08T07:42:54.324,2810-04-16T22:44:28.861,21740494537
MaskVarChannel__from_medium_slave_Template0.xml,Collision-avoidance.xml,true,2809-08-08T11:34:45.283,2810-04-21T05:28:24.488,22096419205
urgLoc_Template0_s2_0.xml,Collision-avoidance.xml,true,2809-08-08T12:23:49.871,2810-04-24T17:27:19.623,22395809752
urgent__empty_slave.xml,Collision-avoidance.xml,true,2809-08-08T13:11:32.884,2810-04-28T06:56:03.337,22700670453
delSyncNG_Template011.xml,Collision-avoidance.xml,false,2809-08-08T13:56:46.065,2810-05-01T16:28:27.641,22991501576
commLoc_Template_s2_3.xml,Collision-avoidance.xml,true,2809-08-08T14:40:01.200,2810-05-04T18:26:31.478,23255190278
MaskVarChannel__data0_Template.xml,Collision-avoidance.xml,true,2809-08-08T15:26:44.995,2810-05-08T12:37:38.877,23577053882
MaskVarChannel__empty_slave_Template.xml,Collision-avoidance.xml,true,2809-08-08T16:13:31.011,2810-05-11T06:32:31.388,23811540377
delSync_Template0.xml,Collision-avoidance.xml,false,2809-08-08T17:04:42.709,2810-05-14T12:42:25.158,24089862449
commLoc_Template_s2_4.xml,Collision-avoidance.xml,true,2809-08-08T17:50:49.212,2810-05-18T07:10:24.048,24412774836
delSyncNG_Template09.xml,Collision-avoidance.xml,false,2809-08-08T18:33:51.958,2810-05-22T00:00:21.570,24729989612
urgLoc_Template0_s2_4.xml,Collision-avoidance.xml,true,2809-08-08T19:15:40.391,2810-05-24T19:47:55.475,24971535084
MaskVarChannel_hello_Template.xml,Collision-avoidance.xml,true,2809-08-08T19:59:03.598,2810-05-27T09:24:23.595,25190719997
