delSync_Template012.xml,Gear-control.xml,true,2023-09-25T01:35:25.610,2023-09-25T03:35:25.628,7200018
delSyncNG_Template15.xml,Gear-control.xml,true,2023-09-25T01:35:25.612,2023-09-25T03:35:25.638,7200026
delSyncNG_Template024.xml,Gear-control.xml,true,2023-09-25T01:35:25.612,2023-09-25T03:35:25.654,7200042
delSync_Template015.xml,Gear-control.xml,true,2023-09-25T01:35:25.612,2023-09-25T03:35:25.655,7200043
delSync_Template08.xml,Gear-control.xml,true,2023-09-25T01:35:25.615,2023-09-25T03:35:25.655,7200040
delSyncNG_Template014.xml,Gear-control.xml,true,2023-09-25T01:35:25.615,2023-09-25T03:35:25.655,7200040
delSync_Template9.xml,Gear-control.xml,true,2023-09-25T01:35:25.615,2023-09-25T03:35:25.655,7200040
delSync_Template19.xml,Gear-control.xml,true,2023-09-25T01:35:25.612,2023-09-25T03:35:25.638,7200026
delSync_Template01.xml,Gear-control.xml,true,2023-09-25T01:35:25.610,2023-09-25T03:35:25.637,7200027
delSyncNG_Template027.xml,Gear-control.xml,true,2023-09-25T01:35:25.611,2023-09-25T03:35:25.637,7200026
delSyncNG_Template02.xml,Gear-control.xml,true,2023-09-25T01:35:25.610,2023-09-25T03:35:25.627,7200017
delSync_Template026.xml,Gear-control.xml,true,2023-09-25T01:35:25.600,2023-09-25T03:35:25.628,7200028
delSync_Template025.xml,Gear-control.xml,true,2023-09-25T01:35:25.616,2023-09-25T03:35:25.656,7200040
delSyncNG_Template00.xml,Gear-control.xml,true,2023-09-25T01:35:25.612,2023-09-25T03:35:25.654,7200042
delSync_Template2.xml,Gear-control.xml,true,2023-09-25T01:35:25.616,2023-09-25T03:35:25.658,7200042
delSync_Template17.xml,Gear-control.xml,true,2023-09-25T01:35:25.616,2023-09-25T03:35:25.658,7200042
delSyncNG_Template017.xml,Gear-control.xml,true,2023-09-25T01:35:25.616,2023-09-25T03:35:25.659,7200043
delSync_Template010.xml,Gear-control.xml,true,2023-09-25T01:35:25.616,2023-09-25T03:35:25.662,7200046
delSync_Template06.xml,Gear-control.xml,true,2023-09-25T01:35:25.616,2023-09-25T03:35:25.666,7200050
delSyncNG_Template016.xml,Gear-control.xml,true,2023-09-25T01:35:25.617,2023-09-25T03:35:25.669,7200052
delSync_Template4.xml,Gear-control.xml,true,2023-09-25T01:35:25.616,2023-09-25T03:35:25.669,7200053
delSync_Template11.xml,Gear-control.xml,true,2023-09-25T01:35:25.616,2023-09-25T03:35:25.670,7200054
delSyncNG_Template019.xml,Gear-control.xml,true,2023-09-25T01:35:25.617,2023-09-25T03:35:25.672,7200055
delSync_Template7.xml,Gear-control.xml,true,2023-09-25T01:35:25.617,2023-09-25T03:35:25.676,7200059
delSyncNG_Template13.xml,Gear-control.xml,true,2023-09-25T01:35:25.617,2023-09-25T03:35:25.679,7200062
delSyncNG_Template07.xml,Gear-control.xml,true,2023-09-25T01:35:25.617,2023-09-25T03:35:25.680,7200063
delSyncNG_Template23.xml,Gear-control.xml,true,2023-09-25T01:35:25.617,2023-09-25T03:35:25.682,7200065
delSyncNG_Template04.xml,Gear-control.xml,true,2023-09-25T01:35:25.617,2023-09-25T03:35:25.683,7200066
delSync_Template22.xml,Gear-control.xml,true,2023-09-25T01:35:25.617,2023-09-25T03:35:25.688,7200071
delSync_Template013.xml,Gear-control.xml,true,2023-09-25T01:35:25.617,2023-09-25T03:35:25.689,7200072
delSyncNG_Template5.xml,Gear-control.xml,true,2023-09-25T01:35:25.618,2023-09-25T03:35:25.689,7200071
delSync_Template27.xml,Gear-control.xml,true,2023-09-25T01:35:25.618,2023-09-25T03:35:25.694,7200076
delSyncNG_Template1.xml,Gear-control.xml,true,2023-09-25T01:35:25.618,2023-09-25T03:35:25.697,7200079
delSync_Template20.xml,Gear-control.xml,true,2023-09-25T01:35:25.618,2023-09-25T03:35:25.698,7200080
delSync_Template24.xml,Gear-control.xml,true,2023-09-25T01:35:25.618,2023-09-25T03:35:25.699,7200081
delSyncNG_Template6.xml,Gear-control.xml,true,2023-09-25T01:35:25.618,2023-09-25T03:35:25.700,7200082
delSyncNG_Template12.xml,Gear-control.xml,true,2023-09-25T01:35:25.618,2023-09-25T03:35:25.704,7200086
delSyncNG_Template8.xml,Gear-control.xml,true,2023-09-25T01:35:25.618,2023-09-25T03:35:25.707,7200089
delSync_Template03.xml,Gear-control.xml,true,2023-09-25T01:35:25.618,2023-09-25T03:35:25.707,7200089
delSync_Template018.xml,Gear-control.xml,true,2023-09-25T01:35:25.619,2023-09-25T03:35:25.709,7200090
delSync_Template14.xml,Gear-control.xml,true,2023-09-25T01:35:25.619,2023-09-25T03:35:25.709,7200090
delSyncNG_Template10.xml,Gear-control.xml,true,2023-09-25T01:35:25.619,2023-09-25T03:35:25.714,7200095
delSyncNG_Template020.xml,Gear-control.xml,true,2023-09-25T01:35:25.619,2023-09-25T03:35:25.716,7200097
delSyncNG_Template16.xml,Gear-control.xml,true,2023-09-25T01:35:25.619,2023-09-25T03:35:25.717,7200098
delSyncNG_Template26.xml,Gear-control.xml,true,2023-09-25T01:35:25.619,2023-09-25T03:35:25.722,7200103
delSync_Template05.xml,Gear-control.xml,true,2023-09-25T01:35:25.620,2023-09-25T03:35:25.723,7200103
delSync_Template021.xml,Gear-control.xml,true,2023-09-25T01:35:25.620,2023-09-25T03:35:25.724,7200104
delSyncNG_Template18.xml,Gear-control.xml,true,2023-09-25T01:35:25.620,2023-09-25T03:35:25.725,7200105
delSync_Template023.xml,Gear-control.xml,true,2023-09-25T01:35:25.620,2023-09-25T03:35:25.731,7200111
delSyncNG_Template022.xml,Gear-control.xml,true,2023-09-25T01:35:25.620,2023-09-25T03:35:25.732,7200112
delSyncNG_Template3.xml,Gear-control.xml,true,2023-09-25T01:35:25.620,2023-09-25T03:35:25.732,7200112
delSyncNG_Template011.xml,Gear-control.xml,true,2023-09-25T01:35:25.620,2023-09-25T03:35:25.733,7200113
delSync_Template0.xml,Gear-control.xml,true,2023-09-25T01:35:25.620,2023-09-25T03:35:25.736,7200116
delSyncNG_Template09.xml,Gear-control.xml,true,2023-09-25T01:35:25.621,2023-09-25T03:35:25.742,7200121
delSyncNG_Template25.xml,Gear-control.xml,true,2023-09-25T01:35:25.621,2023-09-25T03:35:25.742,7200121
delSyncNG_Template21.xml,Gear-control.xml,true,2023-09-25T01:35:25.621,2023-09-25T03:35:25.743,7200122
