commLoc_1.xml,bridge.xml,false,2023-06-04T14:21:02.978,2023-06-04T14:21:03.002,24
MaskVarChannel_release_Soldier.xml,bridge.xml,false,2023-06-04T14:21:02.980,2023-06-04T14:21:03.028,48
parSeq_release4.xml,bridge.xml,false,2023-06-04T14:21:02.980,2023-06-04T14:21:03.021,41
parSeq_release7.xml,bridge.xml,false,2023-06-04T14:21:02.979,2023-06-04T14:21:03.019,40
commLoc_3.xml,bridge.xml,false,2023-06-04T14:21:02.979,2023-06-04T14:21:03.019,40
delSync_take1.xml,bridge.xml,false,2023-06-04T14:21:02.980,2023-06-04T14:21:03.032,52
commLoc_7.xml,bridge.xml,false,2023-06-04T14:21:02.980,2023-06-04T14:21:03.031,51
delSync_release4.xml,bridge.xml,false,2023-06-04T14:21:02.980,2023-06-04T14:21:03.030,50
delSync_release3.xml,bridge.xml,false,2023-06-04T14:21:02.980,2023-06-04T14:21:03.037,57
parSeq_take2.xml,bridge.xml,false,2023-06-04T14:21:02.980,2023-06-04T14:21:03.041,61
delSync_take3.xml,bridge.xml,false,2023-06-04T14:21:02.980,2023-06-04T14:21:03.043,63
commLoc_0.xml,bridge.xml,false,2023-06-04T14:21:02.980,2023-06-04T14:21:03.051,71
delSync_take4.xml,bridge.xml,false,2023-06-04T14:21:02.980,2023-06-04T14:21:03.051,71
parSeq_take0.xml,bridge.xml,false,2023-06-04T14:21:02.980,2023-06-04T14:21:03.053,73
delSync_release2.xml,bridge.xml,false,2023-06-04T14:21:02.980,2023-06-04T14:21:03.062,82
delSync_release1.xml,bridge.xml,false,2023-06-04T14:21:02.980,2023-06-04T14:21:03.068,88
commLoc_4.xml,bridge.xml,false,2023-06-04T14:21:02.980,2023-06-04T14:21:03.080,100
parSeq_release6.xml,bridge.xml,false,2023-06-04T14:21:02.980,2023-06-04T14:21:03.088,108
commLoc_2.xml,bridge.xml,false,2023-06-04T14:21:02.980,2023-06-04T14:21:03.089,109
parSeq_release5.xml,bridge.xml,false,2023-06-04T14:21:02.980,2023-06-04T14:21:03.092,112
delSync_take2.xml,bridge.xml,false,2023-06-04T14:21:02.980,2023-06-04T14:21:03.105,125
parSeq_take1.xml,bridge.xml,false,2023-06-04T14:21:02.980,2023-06-04T14:21:03.113,133
parSeq_take3.xml,bridge.xml,false,2023-06-04T14:21:02.980,2023-06-04T14:21:03.122,142
MaskVarChannel_take_Soldier.xml,bridge.xml,false,2023-06-04T14:21:02.980,2023-06-04T14:21:03.126,146
urgLoc_4.xml,bridge.xml,false,2023-06-04T14:21:02.980,2023-06-04T14:21:04.144,1164
urgLoc_2.xml,bridge.xml,false,2023-06-04T14:21:02.980,2023-06-04T14:21:04.210,1230
urgLoc_1.xml,bridge.xml,false,2023-06-04T14:21:02.979,2023-06-04T14:21:04.275,1296
urgChan_take.xml,bridge.xml,false,2023-06-04T14:21:02.971,2023-06-04T14:21:04.334,1363
commLoc_6.xml,bridge.xml,false,2023-06-04T14:21:02.980,2023-06-04T14:21:04.352,1372
urgLoc_0.xml,bridge.xml,false,2023-06-04T14:21:02.980,2023-06-04T14:21:05.274,2294
urgChan_release.xml,bridge.xml,false,2023-06-04T14:21:02.980,2023-06-04T14:21:05.300,2320
urgLoc_7.xml,bridge.xml,false,2023-06-04T14:21:02.980,2023-06-04T14:21:05.335,2355
broadChan_release.xml,bridge.xml,false,2023-06-04T14:21:02.980,2023-06-04T14:21:05.393,2413
MaskVarChannel_release_Torch.xml,bridge.xml,false,2023-06-04T14:21:02.980,2023-06-04T14:21:05.461,2481
urgLoc_6.xml,bridge.xml,false,2023-06-04T14:21:02.980,2023-06-04T14:21:06.276,3296
broadChan_take.xml,bridge.xml,false,2023-06-04T14:21:02.980,2023-06-04T14:21:06.352,3372
urgLoc_3.xml,bridge.xml,false,2023-06-04T14:21:02.980,2023-06-04T14:21:06.438,3458
delOutput_take_0.xml,bridge.xml,false,2023-06-04T14:21:02.980,2023-06-04T14:21:06.449,3469
delOutput_release_1.xml,bridge.xml,false,2023-06-04T14:21:02.980,2023-06-04T14:21:06.460,3480
delOutput_take_1.xml,bridge.xml,false,2023-06-04T14:21:02.980,2023-06-04T14:21:07.387,4407
delOutput_release_0.xml,bridge.xml,false,2023-06-04T14:21:02.980,2023-06-04T14:21:07.398,4418
MaskVarChannel_take_Torch.xml,bridge.xml,false,2023-06-04T14:21:02.980,2023-06-04T14:21:07.483,4503
commLoc_5.xml,bridge.xml,false,2023-06-04T14:21:02.980,2023-06-04T14:21:07.510,4530
urgLoc_5.xml,bridge.xml,false,2023-06-04T14:21:02.980,2023-06-04T14:21:07.574,4594
urgChan_tau.xml,bridge.xml,false,2023-06-04T14:21:02.980,2023-06-04T14:21:07.934,4954
