parSeq_ready1.xml,scheduling3.xml,false,2023-06-13T00:44:56.672,2023-06-13T00:44:56.687,15
urgLoc_1.xml,scheduling3.xml,false,2023-06-13T00:44:56.672,2023-06-13T00:44:56.688,16
commLoc_1.xml,scheduling3.xml,false,2023-06-13T00:44:56.667,2023-06-13T00:44:56.684,17
urgChan_run.xml,scheduling3.xml,false,2023-06-13T00:44:56.668,2023-06-13T00:44:56.682,14
MaskVarChannel_run_Task.xml,scheduling3.xml,false,2023-06-13T00:44:56.672,2023-06-13T00:44:56.722,50
delOutput_run_0.xml,scheduling3.xml,false,2023-06-13T00:44:56.673,2023-06-13T00:44:56.722,49
delSync_run1.xml,scheduling3.xml,false,2023-06-13T00:44:56.658,2023-06-13T00:44:56.682,24
parSeq_done0.xml,scheduling3.xml,false,2023-06-13T00:44:56.673,2023-06-13T00:44:56.723,50
urgLoc_2.xml,scheduling3.xml,false,2023-06-13T00:44:56.673,2023-06-13T00:44:56.723,50
urgChan_ready.xml,scheduling3.xml,false,2023-06-13T00:44:56.673,2023-06-13T00:44:56.723,50
parSeq_run4.xml,scheduling3.xml,false,2023-06-13T00:44:56.667,2023-06-13T00:44:56.682,15
commLoc_8.xml,scheduling3.xml,false,2023-06-13T00:44:56.673,2023-06-13T00:44:56.724,51
commLoc_3.xml,scheduling3.xml,false,2023-06-13T00:44:56.671,2023-06-13T00:44:56.682,11
commLoc_0.xml,scheduling3.xml,false,2023-06-13T00:44:56.673,2023-06-13T00:44:56.724,51
broadChan_stop.xml,scheduling3.xml,false,2023-06-13T00:44:56.674,2023-06-13T00:44:56.725,51
delSync_stop1.xml,scheduling3.xml,false,2023-06-13T00:44:56.674,2023-06-13T00:44:56.725,51
urgLoc_3.xml,scheduling3.xml,false,2023-06-13T00:44:56.674,2023-06-13T00:44:56.725,51
urgLoc_0.xml,scheduling3.xml,false,2023-06-13T00:44:56.673,2023-06-13T00:44:56.724,51
urgLoc_4.xml,scheduling3.xml,false,2023-06-13T00:44:56.673,2023-06-13T00:44:56.723,50
commLoc_6.xml,scheduling3.xml,false,2023-06-13T00:44:56.673,2023-06-13T00:44:56.722,49
parSeq_run3.xml,scheduling3.xml,false,2023-06-13T00:44:56.673,2023-06-13T00:44:56.722,49
broadChan_ready.xml,scheduling3.xml,false,2023-06-13T00:44:56.674,2023-06-13T00:44:56.726,52
delOutput_stop_0.xml,scheduling3.xml,false,2023-06-13T00:44:56.673,2023-06-13T00:44:56.726,53
delOutput_ready_1.xml,scheduling3.xml,false,2023-06-13T00:44:56.673,2023-06-13T00:44:56.727,54
MaskVarChannel_ready_Scheduler.xml,scheduling3.xml,false,2023-06-13T00:44:56.674,2023-06-13T00:44:56.727,53
urgLoc_6.xml,scheduling3.xml,false,2023-06-13T00:44:56.674,2023-06-13T00:44:56.727,53
delOutput_run_1.xml,scheduling3.xml,false,2023-06-13T00:44:56.674,2023-06-13T00:44:56.727,53
delSync_ready2.xml,scheduling3.xml,false,2023-06-13T00:44:56.674,2023-06-13T00:44:56.727,53
commLoc_2.xml,scheduling3.xml,false,2023-06-13T00:44:56.674,2023-06-13T00:44:56.728,54
commLoc_9.xml,scheduling3.xml,false,2023-06-13T00:44:56.674,2023-06-13T00:44:56.728,54
urgLoc_8.xml,scheduling3.xml,false,2023-06-13T00:44:56.674,2023-06-13T00:44:56.728,54
urgLoc_9.xml,scheduling3.xml,false,2023-06-13T00:44:56.674,2023-06-13T00:44:56.728,54
delSync_run2.xml,scheduling3.xml,false,2023-06-13T00:44:56.674,2023-06-13T00:44:56.728,54
urgChan_stop.xml,scheduling3.xml,false,2023-06-13T00:44:56.675,2023-06-13T00:44:56.729,54
commLoc_7.xml,scheduling3.xml,false,2023-06-13T00:44:56.673,2023-06-13T00:44:56.722,49
MaskVarChannel_stop_Scheduler.xml,scheduling3.xml,false,2023-06-13T00:44:56.674,2023-06-13T00:44:56.726,52
delOutput_done_0.xml,scheduling3.xml,false,2023-06-13T00:44:56.673,2023-06-13T00:44:56.726,53
urgLoc_7.xml,scheduling3.xml,false,2023-06-13T00:44:56.673,2023-06-13T00:44:56.726,53
commLoc_4.xml,scheduling3.xml,false,2023-06-13T00:44:56.674,2023-06-13T00:44:56.726,52
delOutput_ready_0.xml,scheduling3.xml,false,2023-06-13T00:44:56.672,2023-06-13T00:44:56.725,53
urgChan_done.xml,scheduling3.xml,false,2023-06-13T00:44:56.675,2023-06-13T00:44:56.730,55
commLoc_10.xml,scheduling3.xml,false,2023-06-13T00:44:56.675,2023-06-13T00:44:56.732,57
MaskVarChannel_done_Scheduler.xml,scheduling3.xml,false,2023-06-13T00:44:56.675,2023-06-13T00:44:56.733,58
parSeq_ready2.xml,scheduling3.xml,false,2023-06-13T00:44:56.675,2023-06-13T00:44:56.734,59
broadChan_run.xml,scheduling3.xml,false,2023-06-13T00:44:56.675,2023-06-13T00:44:56.734,59
urgLoc_10.xml,scheduling3.xml,false,2023-06-13T00:44:56.675,2023-06-13T00:44:56.736,61
commLoc_5.xml,scheduling3.xml,false,2023-06-13T00:44:56.675,2023-06-13T00:44:56.737,62
urgLoc_5.xml,scheduling3.xml,false,2023-06-13T00:44:56.675,2023-06-13T00:44:56.739,64
urgChan_tau.xml,scheduling3.xml,false,2023-06-13T00:44:56.675,2023-06-13T00:44:56.739,64
delSync_ready1.xml,scheduling3.xml,false,2023-06-13T00:44:56.675,2023-06-13T00:44:56.740,65
MaskVarChannel_done_Task.xml,scheduling3.xml,false,2023-06-13T00:44:56.675,2023-06-13T00:44:56.740,65
broadChan_done.xml,scheduling3.xml,false,2023-06-13T00:44:56.675,2023-06-13T00:44:56.741,66
delSync_done1.xml,scheduling3.xml,false,2023-06-13T00:44:56.675,2023-06-13T00:44:56.743,68
MaskVarChannel_ready_Task.xml,scheduling3.xml,false,2023-06-13T00:44:56.675,2023-06-13T00:44:56.744,69
MaskVarChannel_stop_Task.xml,scheduling3.xml,false,2023-06-13T00:44:56.675,2023-06-13T00:44:56.744,69
MaskVarChannel_run_Scheduler.xml,scheduling3.xml,false,2023-06-13T00:44:56.675,2023-06-13T00:44:56.745,70
parSeq_stop5.xml,scheduling3.xml,false,2023-06-13T00:44:56.675,2023-06-13T00:44:56.745,70
